match_id,season,date,venue,team1,team2,toss_winner,toss_decision,innings1_team,innings1_score,innings1_wickets,innings1_overs,innings2_team,innings2_score,innings2_wickets,innings2_overs,winner,margin,margin_type,day_night,nrr_team1,nrr_team2
1,2008,2008-04-04,"Sawai Mansingh Stadium, Jaipur",Mumbai Indians,Sunrisers Hyderabad,Mumbai Indians,field,Mumbai Indians,129,7,18.2,Sunrisers Hyderabad,158,9,17.6,Mumbai Indians,29,runs,True,-1.879,1.879
2,2008,2008-04-02,"Eden Gardens, Kolkata",Sunrisers Hyderabad,Rajasthan Royals,Sunrisers Hyderabad,field,Sunrisers Hyderabad,205,7,19.6,Rajasthan Royals,161,4,12.3,Rajasthan Royals,6,wickets,True,-2.684,2.684
3,2008,2008-03-14,"Punjab Cricket Association Stadium, Mohali",Gujarat Titans,Sunrisers Hyderabad,Gujarat Titans,field,Gujarat Titans,197,4,19.9,Sunrisers Hyderabad,146,9,17.8,Sunrisers Hyderabad,1,wickets,False,1.669,-1.669
4,2008,2008-04-06,"M.A. Chidambaram Stadium, Chennai",Rajasthan Royals,Mumbai Indians,Mumbai Indians,field,Rajasthan Royals,221,7,19.9,Mumbai Indians,141,3,13.7,Mumbai Indians,7,wickets,True,0.798,-0.798
5,2008,2008-04-25,"Sawai Mansingh Stadium, Jaipur",Rajasthan Royals,Chennai Super Kings,Rajasthan Royals,bat,Rajasthan Royals,182,7,18.9,Chennai Super Kings,104,8,17.0,Chennai Super Kings,2,wickets,True,3.526,-3.526
6,2008,2008-04-20,"Eden Gardens, Kolkata",Kolkata Knight Riders,Gujarat Titans,Gujarat Titans,bat,Kolkata Knight Riders,146,7,18.3,Gujarat Titans,204,2,10.1,Kolkata Knight Riders,58,runs,True,-12.264,12.264
7,2008,2008-04-17,"Rajiv Gandhi International Stadium, Hyderabad",Sunrisers Hyderabad,Rajasthan Royals,Rajasthan Royals,bat,Sunrisers Hyderabad,175,6,18.3,Rajasthan Royals,116,2,16.7,Rajasthan Royals,8,wickets,True,2.621,-2.621
8,2008,2008-03-12,"Punjab Cricket Association Stadium, Mohali",Mumbai Indians,Sunrisers Hyderabad,Sunrisers Hyderabad,field,Mumbai Indians,129,6,18.6,Sunrisers Hyderabad,170,1,14.4,Mumbai Indians,41,runs,False,-4.9,4.9
9,2008,2008-04-20,"M. Chinnaswamy Stadium, Bengaluru",Lucknow Super Giants,Gujarat Titans,Gujarat Titans,bat,Lucknow Super Giants,214,4,18.6,Gujarat Titans,145,6,15.6,Gujarat Titans,4,wickets,True,2.201,-2.201
10,2008,2008-04-15,"Narendra Modi Stadium, Ahmedabad",Rajasthan Royals,Kolkata Knight Riders,Rajasthan Royals,bat,Rajasthan Royals,156,2,18.2,Kolkata Knight Riders,195,7,14.6,Rajasthan Royals,39,runs,False,-4.758,4.758
11,2008,2008-03-04,"Punjab Cricket Association Stadium, Mohali",Chennai Super Kings,Gujarat Titans,Chennai Super Kings,bat,Chennai Super Kings,138,5,18.6,Gujarat Titans,182,6,13.6,Chennai Super Kings,44,runs,False,-5.946,5.946
12,2008,2008-04-08,"Ekana Cricket Stadium, Lucknow",Lucknow Super Giants,Kolkata Knight Riders,Lucknow Super Giants,field,Lucknow Super Giants,170,4,19.9,Kolkata Knight Riders,119,8,17.2,Kolkata Knight Riders,2,wickets,True,1.595,-1.595
13,2008,2008-03-22,"Ekana Cricket Stadium, Lucknow",Lucknow Super Giants,Mumbai Indians,Lucknow Super Giants,bat,Lucknow Super Giants,197,3,18.6,Mumbai Indians,201,6,11.8,Lucknow Super Giants,4,runs,True,-6.496,6.496
14,2008,2008-03-15,"Sawai Mansingh Stadium, Jaipur",Rajasthan Royals,Sunrisers Hyderabad,Rajasthan Royals,field,Rajasthan Royals,135,6,19.3,Sunrisers Hyderabad,174,1,14.2,Rajasthan Royals,39,runs,False,-5.295,5.295
15,2008,2008-04-18,"M.A. Chidambaram Stadium, Chennai",Chennai Super Kings,Kolkata Knight Riders,Kolkata Knight Riders,bat,Chennai Super Kings,139,6,18.3,Kolkata Knight Riders,124,9,15.8,Kolkata Knight Riders,1,wickets,True,-0.264,0.264
16,2008,2008-03-17,"Ekana Cricket Stadium, Lucknow",Mumbai Indians,Royal Challengers Bengaluru,Mumbai Indians,bat,Mumbai Indians,171,8,18.2,Royal Challengers Bengaluru,121,5,14.9,Royal Challengers Bengaluru,5,wickets,True,1.297,-1.297
17,2008,2008-04-05,"M. Chinnaswamy Stadium, Bengaluru",Rajasthan Royals,Lucknow Super Giants,Lucknow Super Giants,bat,Rajasthan Royals,179,6,18.9,Lucknow Super Giants,122,1,18.3,Lucknow Super Giants,9,wickets,True,2.802,-2.802
18,2008,2008-04-27,"M.A. Chidambaram Stadium, Chennai",Delhi Capitals,Royal Challengers Bengaluru,Royal Challengers Bengaluru,field,Delhi Capitals,133,4,19.3,Royal Challengers Bengaluru,189,7,17.7,Delhi Capitals,56,runs,False,-3.802,3.802
19,2008,2008-04-09,"Wankhede Stadium, Mumbai",Royal Challengers Bengaluru,Gujarat Titans,Royal Challengers Bengaluru,field,Royal Challengers Bengaluru,180,4,19.7,Gujarat Titans,149,8,13.2,Gujarat Titans,2,wickets,True,-2.157,2.157
20,2008,2008-03-22,"M. Chinnaswamy Stadium, Bengaluru",Delhi Capitals,Lucknow Super Giants,Lucknow Super Giants,field,Delhi Capitals,139,3,18.1,Lucknow Super Giants,124,4,19.9,Lucknow Super Giants,6,wickets,True,1.46,-1.46
21,2008,2008-04-22,"Narendra Modi Stadium, Ahmedabad",Gujarat Titans,Sunrisers Hyderabad,Gujarat Titans,field,Gujarat Titans,171,4,19.5,Sunrisers Hyderabad,130,6,13.7,Sunrisers Hyderabad,4,wickets,False,-0.714,0.714
22,2008,2008-04-26,"Ekana Cricket Stadium, Lucknow",Royal Challengers Bengaluru,Kolkata Knight Riders,Kolkata Knight Riders,bat,Royal Challengers Bengaluru,123,2,19.7,Kolkata Knight Riders,213,2,11.8,Royal Challengers Bengaluru,90,runs,True,-11.806,11.806
23,2008,2008-03-04,"Eden Gardens, Kolkata",Chennai Super Kings,Mumbai Indians,Mumbai Indians,field,Chennai Super Kings,155,9,19.0,Mumbai Indians,145,2,10.1,Mumbai Indians,8,wickets,False,-6.143,6.143
24,2008,2008-03-22,"M.A. Chidambaram Stadium, Chennai",Mumbai Indians,Punjab Kings,Mumbai Indians,field,Mumbai Indians,222,7,19.2,Punjab Kings,142,2,18.0,Punjab Kings,8,wickets,True,3.714,-3.714
25,2008,2008-04-09,"M.A. Chidambaram Stadium, Chennai",Chennai Super Kings,Sunrisers Hyderabad,Sunrisers Hyderabad,field,Chennai Super Kings,128,5,18.6,Sunrisers Hyderabad,99,5,16.6,Sunrisers Hyderabad,5,wickets,True,0.927,-0.927
26,2008,2008-03-18,"Wankhede Stadium, Mumbai",Lucknow Super Giants,Gujarat Titans,Gujarat Titans,field,Lucknow Super Giants,136,7,18.2,Gujarat Titans,188,2,14.2,Lucknow Super Giants,52,runs,True,-5.78,5.78
27,2008,2008-03-07,"Narendra Modi Stadium, Ahmedabad",Chennai Super Kings,Lucknow Super Giants,Chennai Super Kings,bat,Chennai Super Kings,189,8,18.0,Lucknow Super Giants,179,1,18.3,Lucknow Super Giants,9,wickets,True,0.695,-0.695
28,2008,2008-04-26,"Punjab Cricket Association Stadium, Mohali",Kolkata Knight Riders,Delhi Capitals,Delhi Capitals,field,Kolkata Knight Riders,202,6,18.8,Delhi Capitals,97,4,14.3,Delhi Capitals,6,wickets,True,3.928,-3.928
29,2008,2008-03-05,"M. Chinnaswamy Stadium, Bengaluru",Royal Challengers Bengaluru,Rajasthan Royals,Royal Challengers Bengaluru,bat,Royal Challengers Bengaluru,229,7,19.6,Rajasthan Royals,223,1,10.7,Rajasthan Royals,9,wickets,True,-9.244,9.244
30,2008,2008-04-01,"Eden Gardens, Kolkata",Gujarat Titans,Chennai Super Kings,Chennai Super Kings,bat,Gujarat Titans,220,9,18.3,Chennai Super Kings,103,3,11.5,Chennai Super Kings,7,wickets,False,3.073,-3.073
31,2008,2008-04-26,"M.A. Chidambaram Stadium, Chennai",Mumbai Indians,Punjab Kings,Punjab Kings,bat,Mumbai Indians,167,6,19.4,Punjab Kings,200,4,13.2,Mumbai Indians,33,runs,True,-6.549,6.549
32,2008,2008-03-11,"Wankhede Stadium, Mumbai",Sunrisers Hyderabad,Gujarat Titans,Sunrisers Hyderabad,bat,Sunrisers Hyderabad,217,3,18.5,Gujarat Titans,176,6,14.2,Gujarat Titans,4,wickets,False,-0.697,0.697
33,2008,2008-03-29,"M.A. Chidambaram Stadium, Chennai",Gujarat Titans,Delhi Capitals,Gujarat Titans,field,Gujarat Titans,131,2,19.8,Delhi Capitals,183,1,18.4,Gujarat Titans,52,runs,True,-3.327,3.327
34,2008,2008-04-14,"Rajiv Gandhi International Stadium, Hyderabad",Royal Challengers Bengaluru,Gujarat Titans,Gujarat Titans,field,Royal Challengers Bengaluru,187,8,18.3,Gujarat Titans,203,5,15.1,Royal Challengers Bengaluru,16,runs,True,-3.17,3.17
35,2008,2008-04-11,"Punjab Cricket Association Stadium, Mohali",Sunrisers Hyderabad,Kolkata Knight Riders,Sunrisers Hyderabad,bat,Sunrisers Hyderabad,126,3,19.0,Kolkata Knight Riders,104,4,12.3,Kolkata Knight Riders,6,wickets,True,-1.791,1.791
36,2008,2008-03-16,"Eden Gardens, Kolkata",Kolkata Knight Riders,Punjab Kings,Kolkata Knight Riders,field,Kolkata Knight Riders,145,4,19.9,Punjab Kings,180,9,14.8,Kolkata Knight Riders,35,runs,True,-4.867,4.867
37,2008,2008-04-21,"Punjab Cricket Association Stadium, Mohali",Lucknow Super Giants,Gujarat Titans,Lucknow Super Giants,field,Lucknow Super Giants,180,6,19.3,Gujarat Titans,90,3,17.3,Gujarat Titans,7,wickets,False,4.155,-4.155
38,2008,2008-04-28,"M.A. Chidambaram Stadium, Chennai",Rajasthan Royals,Gujarat Titans,Gujarat Titans,field,Rajasthan Royals,189,2,19.5,Gujarat Titans,167,1,19.4,Gujarat Titans,9,wickets,False,1.09,-1.09
39,2008,2008-04-18,"Arun Jaitley Stadium, Delhi",Gujarat Titans,Chennai Super Kings,Gujarat Titans,field,Gujarat Titans,229,8,19.9,Chennai Super Kings,93,3,15.9,Chennai Super Kings,7,wickets,False,5.663,-5.663
40,2008,2008-03-18,"Arun Jaitley Stadium, Delhi",Lucknow Super Giants,Chennai Super Kings,Lucknow Super Giants,field,Lucknow Super Giants,172,5,19.0,Chennai Super Kings,189,7,18.0,Lucknow Super Giants,17,runs,True,-1.473,1.473
41,2008,2008-04-10,"M.A. Chidambaram Stadium, Chennai",Chennai Super Kings,Lucknow Super Giants,Lucknow Super Giants,bat,Chennai Super Kings,199,2,19.3,Lucknow Super Giants,189,4,17.7,Lucknow Super Giants,6,wickets,True,-0.349,0.349
42,2008,2008-04-13,"Rajiv Gandhi International Stadium, Hyderabad",Punjab Kings,Gujarat Titans,Gujarat Titans,bat,Punjab Kings,207,4,18.6,Gujarat Titans,126,2,11.5,Gujarat Titans,8,wickets,True,0.134,-0.134
43,2008,2008-03-21,"Rajiv Gandhi International Stadium, Hyderabad",Kolkata Knight Riders,Punjab Kings,Kolkata Knight Riders,field,Kolkata Knight Riders,224,9,19.6,Punjab Kings,171,5,13.8,Punjab Kings,5,wickets,True,-0.972,0.972
44,2008,2008-03-14,"M.A. Chidambaram Stadium, Chennai",Lucknow Super Giants,Sunrisers Hyderabad,Lucknow Super Giants,field,Lucknow Super Giants,216,7,18.2,Sunrisers Hyderabad,151,6,16.9,Sunrisers Hyderabad,4,wickets,False,2.884,-2.884
45,2008,2008-03-29,"M. Chinnaswamy Stadium, Bengaluru",Gujarat Titans,Punjab Kings,Punjab Kings,bat,Gujarat Titans,154,5,18.6,Punjab Kings,157,9,17.8,Gujarat Titans,3,runs,False,-0.536,0.536
46,2008,2008-04-27,"M. Chinnaswamy Stadium, Bengaluru",Mumbai Indians,Gujarat Titans,Gujarat Titans,field,Mumbai Indians,124,2,20.0,Gujarat Titans,83,6,16.5,Gujarat Titans,4,wickets,False,1.171,-1.171
47,2008,2008-03-01,"M. Chinnaswamy Stadium, Bengaluru",Mumbai Indians,Sunrisers Hyderabad,Mumbai Indians,bat,Mumbai Indians,213,8,18.4,Sunrisers Hyderabad,82,9,16.6,Sunrisers Hyderabad,1,wickets,False,6.627,-6.627
48,2008,2008-03-23,"Punjab Cricket Association Stadium, Mohali",Chennai Super Kings,Mumbai Indians,Mumbai Indians,field,Chennai Super Kings,225,3,19.7,Mumbai Indians,116,1,18.0,Mumbai Indians,9,wickets,True,4.981,-4.981
49,2008,2008-03-25,"Narendra Modi Stadium, Ahmedabad",Sunrisers Hyderabad,Punjab Kings,Sunrisers Hyderabad,bat,Sunrisers Hyderabad,170,3,18.2,Punjab Kings,184,5,17.5,Sunrisers Hyderabad,14,runs,True,-1.228,1.228
50,2008,2008-03-18,"Rajiv Gandhi International Stadium, Hyderabad",Rajasthan Royals,Chennai Super Kings,Rajasthan Royals,bat,Rajasthan Royals,121,4,19.4,Chennai Super Kings,158,9,16.1,Rajasthan Royals,37,runs,False,-3.574,3.574
51,2008,2008-04-23,"Narendra Modi Stadium, Ahmedabad",Lucknow Super Giants,Mumbai Indians,Lucknow Super Giants,field,Lucknow Super Giants,165,3,18.2,Mumbai Indians,195,2,19.8,Lucknow Super Giants,30,runs,True,-0.774,0.774
52,2008,2008-03-28,"Arun Jaitley Stadium, Delhi",Royal Challengers Bengaluru,Punjab Kings,Royal Challengers Bengaluru,bat,Royal Challengers Bengaluru,147,9,18.6,Punjab Kings,142,6,17.0,Punjab Kings,4,wickets,True,-0.452,0.452
53,2008,2008-04-13,"Arun Jaitley Stadium, Delhi",Lucknow Super Giants,Chennai Super Kings,Chennai Super Kings,bat,Lucknow Super Giants,220,5,18.2,Chennai Super Kings,226,2,12.8,Lucknow Super Giants,6,runs,True,-5.62,5.62
54,2008,2008-03-13,"Punjab Cricket Association Stadium, Mohali",Punjab Kings,Sunrisers Hyderabad,Sunrisers Hyderabad,bat,Punjab Kings,136,5,18.4,Sunrisers Hyderabad,222,6,13.2,Punjab Kings,86,runs,False,-9.479,9.479
55,2008,2008-03-23,"M. Chinnaswamy Stadium, Bengaluru",Lucknow Super Giants,Rajasthan Royals,Lucknow Super Giants,field,Lucknow Super Giants,158,6,19.4,Rajasthan Royals,162,6,16.5,Lucknow Super Giants,4,runs,True,-1.661,1.661
56,2008,2008-04-15,"Sawai Mansingh Stadium, Jaipur",Delhi Capitals,Kolkata Knight Riders,Kolkata Knight Riders,field,Delhi Capitals,177,4,19.0,Kolkata Knight Riders,201,7,18.9,Delhi Capitals,24,runs,True,-1.352,1.352
57,2008,2008-04-02,"Rajiv Gandhi International Stadium, Hyderabad",Delhi Capitals,Punjab Kings,Delhi Capitals,bat,Delhi Capitals,177,8,19.0,Punjab Kings,86,2,10.7,Punjab Kings,8,wickets,True,1.3,-1.3
58,2008,2008-03-11,"Eden Gardens, Kolkata",Mumbai Indians,Royal Challengers Bengaluru,Mumbai Indians,bat,Mumbai Indians,200,4,19.5,Royal Challengers Bengaluru,215,1,18.3,Mumbai Indians,15,runs,True,-1.503,1.503
59,2008,2008-04-20,"Punjab Cricket Association Stadium, Mohali",Chennai Super Kings,Punjab Kings,Punjab Kings,bat,Chennai Super Kings,175,4,19.9,Punjab Kings,91,9,17.7,Punjab Kings,1,wickets,True,3.651,-3.651
60,2008,2008-03-25,"Eden Gardens, Kolkata",Chennai Super Kings,Sunrisers Hyderabad,Sunrisers Hyderabad,field,Chennai Super Kings,156,2,18.4,Sunrisers Hyderabad,193,5,11.6,Chennai Super Kings,37,runs,False,-8.114,8.114
61,2008,2008-04-22,"Arun Jaitley Stadium, Delhi",Gujarat Titans,Lucknow Super Giants,Gujarat Titans,field,Gujarat Titans,208,9,18.3,Lucknow Super Giants,155,5,13.9,Lucknow Super Giants,5,wickets,False,0.246,-0.246
62,2008,2008-03-15,"Sawai Mansingh Stadium, Jaipur",Rajasthan Royals,Mumbai Indians,Mumbai Indians,bat,Rajasthan Royals,153,3,19.8,Mumbai Indians,221,1,12.3,Rajasthan Royals,68,runs,False,-10.204,10.204
63,2008,2008-04-23,"Sawai Mansingh Stadium, Jaipur",Gujarat Titans,Delhi Capitals,Gujarat Titans,bat,Gujarat Titans,149,3,19.7,Delhi Capitals,208,6,16.5,Gujarat Titans,59,runs,True,-5.044,5.044
64,2008,2008-03-15,"Eden Gardens, Kolkata",Delhi Capitals,Mumbai Indians,Mumbai Indians,field,Delhi Capitals,216,4,19.7,Mumbai Indians,129,5,17.7,Mumbai Indians,5,wickets,True,3.677,-3.677
65,2008,2008-04-27,"Arun Jaitley Stadium, Delhi",Lucknow Super Giants,Kolkata Knight Riders,Lucknow Super Giants,field,Lucknow Super Giants,162,4,19.0,Kolkata Knight Riders,207,5,11.0,Lucknow Super Giants,45,runs,True,-10.206,10.206
66,2008,2008-03-18,"M.A. Chidambaram Stadium, Chennai",Punjab Kings,Delhi Capitals,Punjab Kings,bat,Punjab Kings,154,3,18.0,Delhi Capitals,171,9,14.5,Punjab Kings,17,runs,True,-3.276,3.276
67,2008,2008-04-27,"M. Chinnaswamy Stadium, Bengaluru",Mumbai Indians,Delhi Capitals,Mumbai Indians,field,Mumbai Indians,177,7,20.0,Delhi Capitals,200,6,14.8,Mumbai Indians,23,runs,True,-4.67,4.67
68,2009,2009-04-19,"Ekana Cricket Stadium, Lucknow",Sunrisers Hyderabad,Rajasthan Royals,Rajasthan Royals,field,Sunrisers Hyderabad,170,8,18.2,Rajasthan Royals,156,7,14.4,Rajasthan Royals,3,wickets,True,-1.506,1.506
69,2009,2009-04-23,"Ekana Cricket Stadium, Lucknow",Lucknow Super Giants,Kolkata Knight Riders,Lucknow Super Giants,bat,Lucknow Super Giants,210,7,19.5,Kolkata Knight Riders,175,4,11.2,Kolkata Knight Riders,6,wickets,False,-4.802,4.802
70,2009,2009-04-24,"Ekana Cricket Stadium, Lucknow",Gujarat Titans,Rajasthan Royals,Rajasthan Royals,bat,Gujarat Titans,155,9,18.8,Rajasthan Royals,91,8,10.8,Rajasthan Royals,2,wickets,True,-0.154,0.154
71,2009,2009-04-23,"Narendra Modi Stadium, Ahmedabad",Lucknow Super Giants,Royal Challengers Bengaluru,Lucknow Super Giants,bat,Lucknow Super Giants,126,4,18.1,Royal Challengers Bengaluru,135,1,16.8,Lucknow Super Giants,9,runs,True,-1.096,1.096
72,2009,2009-04-15,"Rajiv Gandhi International Stadium, Hyderabad",Mumbai Indians,Gujarat Titans,Mumbai Indians,field,Mumbai Indians,162,2,18.5,Gujarat Titans,95,6,18.6,Gujarat Titans,4,wickets,False,3.659,-3.659
73,2009,2009-04-25,"Wankhede Stadium, Mumbai",Royal Challengers Bengaluru,Punjab Kings,Punjab Kings,bat,Royal Challengers Bengaluru,196,9,19.3,Punjab Kings,118,3,18.5,Punjab Kings,7,wickets,True,3.764,-3.764
74,2009,2009-03-21,"Arun Jaitley Stadium, Delhi",Gujarat Titans,Royal Challengers Bengaluru,Gujarat Titans,bat,Gujarat Titans,132,4,19.8,Royal Challengers Bengaluru,209,2,10.8,Gujarat Titans,77,runs,True,-12.59,12.59
75,2009,2009-04-18,"Ekana Cricket Stadium, Lucknow",Kolkata Knight Riders,Gujarat Titans,Gujarat Titans,bat,Kolkata Knight Riders,205,5,18.3,Gujarat Titans,97,6,20.0,Gujarat Titans,4,wickets,True,6.362,-6.362
76,2009,2009-03-14,"Ekana Cricket Stadium, Lucknow",Kolkata Knight Riders,Mumbai Indians,Kolkata Knight Riders,bat,Kolkata Knight Riders,157,3,18.7,Mumbai Indians,92,1,12.0,Mumbai Indians,9,wickets,False,0.728,-0.728
77,2009,2009-03-07,"Eden Gardens, Kolkata",Gujarat Titans,Punjab Kings,Gujarat Titans,bat,Gujarat Titans,217,9,19.5,Punjab Kings,155,5,12.8,Punjab Kings,5,wickets,True,-0.941,0.941
78,2009,2009-03-10,"Ekana Cricket Stadium, Lucknow",Delhi Capitals,Kolkata Knight Riders,Delhi Capitals,field,Delhi Capitals,228,7,19.2,Kolkata Knight Riders,172,6,13.0,Kolkata Knight Riders,4,wickets,False,-1.351,1.351
79,2009,2009-04-29,"Narendra Modi Stadium, Ahmedabad",Lucknow Super Giants,Chennai Super Kings,Lucknow Super Giants,bat,Lucknow Super Giants,126,6,19.6,Chennai Super Kings,167,8,14.4,Lucknow Super Giants,41,runs,True,-5.176,5.176
80,2009,2009-03-28,"Narendra Modi Stadium, Ahmedabad",Punjab Kings,Delhi Capitals,Delhi Capitals,field,Punjab Kings,149,8,18.4,Delhi Capitals,105,6,11.0,Delhi Capitals,4,wickets,True,-1.418,1.418
81,2009,2009-04-14,"Sawai Mansingh Stadium, Jaipur",Sunrisers Hyderabad,Delhi Capitals,Sunrisers Hyderabad,bat,Sunrisers Hyderabad,223,9,18.2,Delhi Capitals,124,1,12.5,Delhi Capitals,9,wickets,False,2.297,-2.297
82,2009,2009-04-09,"Eden Gardens, Kolkata",Royal Challengers Bengaluru,Delhi Capitals,Royal Challengers Bengaluru,bat,Royal Challengers Bengaluru,213,2,18.8,Delhi Capitals,196,1,17.0,Delhi Capitals,9,wickets,False,-0.193,0.193
83,2009,2009-03-10,"Sawai Mansingh Stadium, Jaipur",Kolkata Knight Riders,Rajasthan Royals,Kolkata Knight Riders,bat,Kolkata Knight Riders,151,2,19.7,Rajasthan Royals,104,1,15.1,Rajasthan Royals,9,wickets,True,0.759,-0.759
84,2009,2009-03-07,"Rajiv Gandhi International Stadium, Hyderabad",Kolkata Knight Riders,Rajasthan Royals,Kolkata Knight Riders,field,Kolkata Knight Riders,178,4,18.6,Rajasthan Royals,169,3,14.8,Rajasthan Royals,7,wickets,True,-1.873,1.873
85,2009,2009-03-27,"Ekana Cricket Stadium, Lucknow",Kolkata Knight Riders,Punjab Kings,Kolkata Knight Riders,bat,Kolkata Knight Riders,174,5,19.4,Punjab Kings,108,2,10.5,Punjab Kings,8,wickets,False,-1.353,1.353
86,2009,2009-04-25,"M.A. Chidambaram Stadium, Chennai",Mumbai Indians,Lucknow Super Giants,Lucknow Super Giants,bat,Mumbai Indians,136,2,19.2,Lucknow Super Giants,151,3,15.7,Mumbai Indians,15,runs,True,-2.554,2.554
87,2009,2009-04-14,"Narendra Modi Stadium, Ahmedabad",Mumbai Indians,Rajasthan Royals,Rajasthan Royals,field,Mumbai Indians,170,3,19.5,Rajasthan Royals,229,8,12.5,Mumbai Indians,59,runs,True,-9.56,9.56
88,2009,2009-04-13,"Ekana Cricket Stadium, Lucknow",Gujarat Titans,Punjab Kings,Gujarat Titans,bat,Gujarat Titans,200,8,18.6,Punjab Kings,162,8,16.0,Punjab Kings,2,wickets,False,0.611,-0.611
89,2009,2009-03-22,"Wankhede Stadium, Mumbai",Delhi Capitals,Kolkata Knight Riders,Kolkata Knight Riders,bat,Delhi Capitals,200,4,18.0,Kolkata Knight Riders,185,2,17.3,Kolkata Knight Riders,8,wickets,True,0.364,-0.364
90,2009,2009-03-29,"Narendra Modi Stadium, Ahmedabad",Kolkata Knight Riders,Sunrisers Hyderabad,Kolkata Knight Riders,field,Kolkata Knight Riders,145,3,18.3,Sunrisers Hyderabad,180,7,11.7,Kolkata Knight Riders,35,runs,True,-7.417,7.417
91,2009,2009-03-19,"Wankhede Stadium, Mumbai",Royal Challengers Bengaluru,Mumbai Indians,Mumbai Indians,field,Royal Challengers Bengaluru,183,6,18.3,Mumbai Indians,165,9,18.8,Mumbai Indians,1,wickets,True,1.25,-1.25
92,2009,2009-03-07,"Wankhede Stadium, Mumbai",Chennai Super Kings,Royal Challengers Bengaluru,Chennai Super Kings,field,Chennai Super Kings,134,4,19.3,Royal Challengers Bengaluru,226,8,10.2,Chennai Super Kings,92,runs,True,-15.264,15.264
93,2009,2009-03-22,"M. Chinnaswamy Stadium, Bengaluru",Sunrisers Hyderabad,Gujarat Titans,Gujarat Titans,field,Sunrisers Hyderabad,140,6,18.8,Gujarat Titans,192,7,17.3,Sunrisers Hyderabad,52,runs,True,-3.676,3.676
94,2009,2009-04-26,"Sawai Mansingh Stadium, Jaipur",Lucknow Super Giants,Punjab Kings,Punjab Kings,field,Lucknow Super Giants,223,2,19.6,Punjab Kings,133,5,14.1,Punjab Kings,5,wickets,False,1.936,-1.936
95,2009,2009-03-07,"Punjab Cricket Association Stadium, Mohali",Kolkata Knight Riders,Delhi Capitals,Kolkata Knight Riders,bat,Kolkata Knight Riders,159,9,18.4,Delhi Capitals,182,2,18.6,Kolkata Knight Riders,23,runs,True,-1.129,1.129
96,2009,2009-04-17,"Rajiv Gandhi International Stadium, Hyderabad",Kolkata Knight Riders,Rajasthan Royals,Rajasthan Royals,field,Kolkata Knight Riders,191,5,19.0,Rajasthan Royals,93,7,17.3,Rajasthan Royals,3,wickets,True,4.662,-4.662
97,2009,2009-03-29,"Ekana Cricket Stadium, Lucknow",Kolkata Knight Riders,Chennai Super Kings,Chennai Super Kings,field,Kolkata Knight Riders,214,8,18.2,Chennai Super Kings,80,2,17.4,Chennai Super Kings,8,wickets,False,7.17,-7.17
98,2009,2009-03-18,"Rajiv Gandhi International Stadium, Hyderabad",Gujarat Titans,Kolkata Knight Riders,Kolkata Knight Riders,field,Gujarat Titans,189,5,18.6,Kolkata Knight Riders,132,6,15.8,Kolkata Knight Riders,4,wickets,True,1.791,-1.791
99,2009,2009-03-10,"Sawai Mansingh Stadium, Jaipur",Delhi Capitals,Lucknow Super Giants,Delhi Capitals,bat,Delhi Capitals,157,5,18.8,Lucknow Super Giants,195,2,11.6,Delhi Capitals,38,runs,True,-8.413,8.413
100,2009,2009-03-16,"M. Chinnaswamy Stadium, Bengaluru",Mumbai Indians,Lucknow Super Giants,Mumbai Indians,bat,Mumbai Indians,172,8,19.8,Lucknow Super Giants,131,3,12.0,Lucknow Super Giants,7,wickets,False,-2.194,2.194
101,2009,2009-03-08,"M. Chinnaswamy Stadium, Bengaluru",Rajasthan Royals,Mumbai Indians,Rajasthan Royals,bat,Rajasthan Royals,120,5,19.9,Mumbai Indians,116,6,15.0,Mumbai Indians,4,wickets,False,-1.732,1.732
102,2009,2009-03-04,"Rajiv Gandhi International Stadium, Hyderabad",Royal Challengers Bengaluru,Chennai Super Kings,Royal Challengers Bengaluru,field,Royal Challengers Bengaluru,204,9,20.0,Chennai Super Kings,172,9,19.5,Chennai Super Kings,1,wickets,False,1.409,-1.409
103,2009,2009-03-05,"Arun Jaitley Stadium, Delhi",Kolkata Knight Riders,Gujarat Titans,Kolkata Knight Riders,bat,Kolkata Knight Riders,209,8,19.2,Gujarat Titans,140,5,11.7,Gujarat Titans,5,wickets,False,-1.148,1.148
104,2009,2009-03-06,"Arun Jaitley Stadium, Delhi",Gujarat Titans,Mumbai Indians,Mumbai Indians,field,Gujarat Titans,201,4,18.7,Mumbai Indians,205,4,17.6,Gujarat Titans,4,runs,True,-0.923,0.923
105,2009,2009-03-14,"M.A. Chidambaram Stadium, Chennai",Lucknow Super Giants,Delhi Capitals,Lucknow Super Giants,field,Lucknow Super Giants,199,2,18.5,Delhi Capitals,106,8,11.8,Delhi Capitals,2,wickets,True,1.753,-1.753
106,2009,2009-03-05,"Rajiv Gandhi International Stadium, Hyderabad",Chennai Super Kings,Royal Challengers Bengaluru,Chennai Super Kings,field,Chennai Super Kings,183,8,18.7,Royal Challengers Bengaluru,160,5,12.5,Royal Challengers Bengaluru,5,wickets,False,-3.019,3.019
107,2009,2009-03-04,"Narendra Modi Stadium, Ahmedabad",Lucknow Super Giants,Mumbai Indians,Lucknow Super Giants,field,Lucknow Super Giants,156,6,19.0,Mumbai Indians,147,5,15.4,Mumbai Indians,5,wickets,True,-1.348,1.348
108,2009,2009-04-01,"Ekana Cricket Stadium, Lucknow",Chennai Super Kings,Kolkata Knight Riders,Chennai Super Kings,bat,Chennai Super Kings,211,9,18.3,Kolkata Knight Riders,135,5,12.1,Kolkata Knight Riders,5,wickets,False,0.335,-0.335
109,2009,2009-04-29,"Ekana Cricket Stadium, Lucknow",Chennai Super Kings,Kolkata Knight Riders,Chennai Super Kings,bat,Chennai Super Kings,220,6,18.9,Kolkata Knight Riders,225,4,15.3,Chennai Super Kings,5,runs,False,-3.066,3.066
110,2009,2009-03-24,"Rajiv Gandhi International Stadium, Hyderabad",Chennai Super Kings,Gujarat Titans,Chennai Super Kings,bat,Chennai Super Kings,212,3,19.8,Gujarat Titans,182,4,10.5,Gujarat Titans,6,wickets,True,-6.647,6.647
111,2009,2009-04-29,"Rajiv Gandhi International Stadium, Hyderabad",Punjab Kings,Delhi Capitals,Delhi Capitals,field,Punjab Kings,211,3,19.8,Delhi Capitals,159,4,16.4,Delhi Capitals,6,wickets,False,0.93,-0.93
112,2009,2009-04-10,"Wankhede Stadium, Mumbai",Royal Challengers Bengaluru,Lucknow Super Giants,Royal Challengers Bengaluru,bat,Royal Challengers Bengaluru,207,3,18.3,Lucknow Super Giants,198,6,13.9,Lucknow Super Giants,4,wickets,True,-2.906,2.906
113,2009,2009-03-20,"Sawai Mansingh Stadium, Jaipur",Kolkata Knight Riders,Sunrisers Hyderabad,Kolkata Knight Riders,field,Kolkata Knight Riders,192,6,18.9,Sunrisers Hyderabad,172,9,13.4,Sunrisers Hyderabad,1,wickets,False,-2.676,2.676
114,2009,2009-03-09,"Wankhede Stadium, Mumbai",Gujarat Titans,Lucknow Super Giants,Lucknow Super Giants,bat,Gujarat Titans,151,9,19.5,Lucknow Super Giants,121,9,15.3,Lucknow Super Giants,1,wickets,True,-0.157,0.157
115,2009,2009-03-13,"Eden Gardens, Kolkata",Kolkata Knight Riders,Lucknow Super Giants,Lucknow Super Giants,field,Kolkata Knight Riders,163,5,19.1,Lucknow Super Giants,102,7,15.1,Lucknow Super Giants,3,wickets,True,1.764,-1.764
116,2009,2009-04-20,"Eden Gardens, Kolkata",Punjab Kings,Chennai Super Kings,Chennai Super Kings,bat,Punjab Kings,171,5,18.3,Chennai Super Kings,204,1,16.7,Punjab Kings,33,runs,True,-2.865,2.865
117,2009,2009-04-08,"Eden Gardens, Kolkata",Royal Challengers Bengaluru,Mumbai Indians,Mumbai Indians,bat,Royal Challengers Bengaluru,137,8,19.7,Mumbai Indians,192,3,16.7,Royal Challengers Bengaluru,55,runs,False,-4.565,4.565
118,2009,2009-04-18,"M. Chinnaswamy Stadium, Bengaluru",Chennai Super Kings,Punjab Kings,Chennai Super Kings,field,Chennai Super Kings,220,9,18.4,Punjab Kings,224,5,17.0,Chennai Super Kings,4,runs,True,-1.212,1.212
119,2009,2009-04-26,"Punjab Cricket Association Stadium, Mohali",Royal Challengers Bengaluru,Punjab Kings,Royal Challengers Bengaluru,bat,Royal Challengers Bengaluru,198,9,18.8,Punjab Kings,146,7,10.2,Punjab Kings,3,wickets,True,-3.736,3.736
120,2009,2009-04-10,"Sawai Mansingh Stadium, Jaipur",Punjab Kings,Gujarat Titans,Punjab Kings,field,Punjab Kings,213,8,18.6,Gujarat Titans,208,5,14.9,Gujarat Titans,5,wickets,True,-2.537,2.537
121,2009,2009-03-14,"Ekana Cricket Stadium, Lucknow",Royal Challengers Bengaluru,Sunrisers Hyderabad,Sunrisers Hyderabad,field,Royal Challengers Bengaluru,154,8,20.0,Sunrisers Hyderabad,83,7,17.6,Sunrisers Hyderabad,3,wickets,True,3.013,-3.013
122,2009,2009-04-24,"M. Chinnaswamy Stadium, Bengaluru",Delhi Capitals,Rajasthan Royals,Rajasthan Royals,field,Delhi Capitals,189,4,18.5,Rajasthan Royals,149,6,14.1,Rajasthan Royals,4,wickets,False,-0.36,0.36
123,2009,2009-04-04,"M.A. Chidambaram Stadium, Chennai",Royal Challengers Bengaluru,Gujarat Titans,Royal Challengers Bengaluru,bat,Royal Challengers Bengaluru,124,4,19.6,Gujarat Titans,100,8,11.4,Gujarat Titans,2,wickets,True,-2.457,2.457
124,2009,2009-04-03,"Ekana Cricket Stadium, Lucknow",Kolkata Knight Riders,Chennai Super Kings,Kolkata Knight Riders,bat,Kolkata Knight Riders,224,3,18.8,Chennai Super Kings,140,6,19.3,Chennai Super Kings,4,wickets,True,4.643,-4.643
125,2009,2009-03-13,"Rajiv Gandhi International Stadium, Hyderabad",Gujarat Titans,Chennai Super Kings,Gujarat Titans,bat,Gujarat Titans,172,9,19.3,Chennai Super Kings,147,2,18.3,Chennai Super Kings,8,wickets,False,0.878,-0.878
126,2009,2009-04-22,"Arun Jaitley Stadium, Delhi",Delhi Capitals,Rajasthan Royals,Delhi Capitals,field,Delhi Capitals,207,7,20.0,Rajasthan Royals,83,9,15.2,Rajasthan Royals,1,wickets,False,4.885,-4.885
127,2009,2009-04-25,"Eden Gardens, Kolkata",Lucknow Super Giants,Chennai Super Kings,Lucknow Super Giants,bat,Lucknow Super Giants,139,5,18.1,Chennai Super Kings,135,7,13.5,Chennai Super Kings,3,wickets,True,-2.297,2.297
128,2009,2009-04-26,"Sawai Mansingh Stadium, Jaipur",Gujarat Titans,Lucknow Super Giants,Gujarat Titans,bat,Gujarat Titans,145,7,19.6,Lucknow Super Giants,105,5,18.9,Lucknow Super Giants,5,wickets,False,1.85,-1.85
129,2009,2009-03-02,"M.A. Chidambaram Stadium, Chennai",Mumbai Indians,Gujarat Titans,Mumbai Indians,field,Mumbai Indians,150,2,18.1,Gujarat Titans,114,1,14.4,Gujarat Titans,9,wickets,True,0.348,-0.348
130,2009,2009-03-03,"Narendra Modi Stadium, Ahmedabad",Kolkata Knight Riders,Punjab Kings,Kolkata Knight Riders,bat,Kolkata Knight Riders,122,3,19.7,Punjab Kings,120,8,15.4,Punjab Kings,2,wickets,True,-1.611,1.611
131,2009,2009-03-07,"Rajiv Gandhi International Stadium, Hyderabad",Kolkata Knight Riders,Lucknow Super Giants,Lucknow Super Giants,bat,Kolkata Knight Riders,156,8,19.0,Lucknow Super Giants,160,7,14.6,Kolkata Knight Riders,4,runs,True,-2.717,2.717
132,2009,2009-04-29,"Rajiv Gandhi International Stadium, Hyderabad",Delhi Capitals,Royal Challengers Bengaluru,Royal Challengers Bengaluru,bat,Delhi Capitals,203,2,18.4,Royal Challengers Bengaluru,104,2,18.2,Royal Challengers Bengaluru,8,wickets,True,5.357,-5.357
133,2009,2009-04-07,"Punjab Cricket Association Stadium, Mohali",Sunrisers Hyderabad,Chennai Super Kings,Sunrisers Hyderabad,bat,Sunrisers Hyderabad,220,5,19.8,Chennai Super Kings,222,9,18.7,Sunrisers Hyderabad,2,runs,False,-0.714,0.714
134,2010,2010-04-02,"M. Chinnaswamy Stadium, Bengaluru",Rajasthan Royals,Punjab Kings,Rajasthan Royals,field,Rajasthan Royals,120,6,19.1,Punjab Kings,137,8,17.1,Rajasthan Royals,17,runs,False,-1.727,1.727
135,2010,2010-04-08,"Sawai Mansingh Stadium, Jaipur",Punjab Kings,Gujarat Titans,Gujarat Titans,bat,Punjab Kings,151,5,19.5,Gujarat Titans,95,8,15.6,Gujarat Titans,2,wickets,True,1.652,-1.652
136,2010,2010-04-19,"Eden Gardens, Kolkata",Delhi Capitals,Chennai Super Kings,Delhi Capitals,field,Delhi Capitals,190,7,18.1,Chennai Super Kings,134,1,12.1,Chennai Super Kings,9,wickets,True,-0.575,0.575
137,2010,2010-03-06,"Narendra Modi Stadium, Ahmedabad",Sunrisers Hyderabad,Chennai Super Kings,Sunrisers Hyderabad,bat,Sunrisers Hyderabad,211,5,19.9,Chennai Super Kings,151,1,12.2,Chennai Super Kings,9,wickets,True,-1.808,1.808
138,2010,2010-03-10,"M. Chinnaswamy Stadium, Bengaluru",Punjab Kings,Royal Challengers Bengaluru,Royal Challengers Bengaluru,bat,Punjab Kings,165,3,18.8,Royal Challengers Bengaluru,158,2,11.3,Royal Challengers Bengaluru,8,wickets,True,-5.169,5.169
139,2010,2010-04-03,"Wankhede Stadium, Mumbai",Lucknow Super Giants,Kolkata Knight Riders,Kolkata Knight Riders,bat,Lucknow Super Giants,157,4,19.2,Kolkata Knight Riders,142,2,18.9,Kolkata Knight Riders,8,wickets,True,0.648,-0.648
140,2010,2010-03-29,"M.A. Chidambaram Stadium, Chennai",Chennai Super Kings,Punjab Kings,Chennai Super Kings,field,Chennai Super Kings,164,2,19.7,Punjab Kings,224,7,18.2,Chennai Super Kings,60,runs,True,-3.986,3.986
141,2010,2010-03-15,"Sawai Mansingh Stadium, Jaipur",Mumbai Indians,Kolkata Knight Riders,Mumbai Indians,bat,Mumbai Indians,171,9,19.2,Kolkata Knight Riders,217,8,11.7,Mumbai Indians,46,runs,True,-9.614,9.614
142,2010,2010-04-03,"Ekana Cricket Stadium, Lucknow",Lucknow Super Giants,Rajasthan Royals,Rajasthan Royals,bat,Lucknow Super Giants,208,5,19.2,Rajasthan Royals,150,2,13.2,Rajasthan Royals,8,wickets,False,-0.504,0.504
143,2010,2010-04-12,"Arun Jaitley Stadium, Delhi",Gujarat Titans,Sunrisers Hyderabad,Sunrisers Hyderabad,bat,Gujarat Titans,193,5,18.9,Sunrisers Hyderabad,200,6,19.3,Gujarat Titans,7,runs,True,-0.148,0.148
144,2010,2010-03-11,"Sawai Mansingh Stadium, Jaipur",Kolkata Knight Riders,Punjab Kings,Punjab Kings,field,Kolkata Knight Riders,162,5,19.3,Punjab Kings,132,5,13.2,Punjab Kings,5,wickets,True,-1.608,1.608
145,2010,2010-04-24,"M.A. Chidambaram Stadium, Chennai",Mumbai Indians,Rajasthan Royals,Rajasthan Royals,field,Mumbai Indians,226,5,18.4,Rajasthan Royals,197,6,17.6,Rajasthan Royals,4,wickets,False,1.042,-1.042
146,2010,2010-04-01,"Arun Jaitley Stadium, Delhi",Lucknow Super Giants,Gujarat Titans,Lucknow Super Giants,field,Lucknow Super Giants,229,2,19.9,Gujarat Titans,207,4,19.2,Gujarat Titans,6,wickets,True,0.753,-0.753
147,2010,2010-03-01,"Punjab Cricket Association Stadium, Mohali",Delhi Capitals,Mumbai Indians,Mumbai Indians,field,Delhi Capitals,129,2,19.5,Mumbai Indians,102,8,15.0,Mumbai Indians,2,wickets,True,-0.196,0.196
148,2010,2010-03-15,"Eden Gardens, Kolkata",Delhi Capitals,Sunrisers Hyderabad,Sunrisers Hyderabad,field,Delhi Capitals,228,4,19.1,Sunrisers Hyderabad,88,3,11.6,Sunrisers Hyderabad,7,wickets,True,4.336,-4.336
149,2010,2010-03-03,"Ekana Cricket Stadium, Lucknow",Delhi Capitals,Chennai Super Kings,Delhi Capitals,field,Delhi Capitals,207,8,18.4,Chennai Super Kings,219,6,18.8,Delhi Capitals,12,runs,True,-0.395,0.395
150,2010,2010-03-04,"Sawai Mansingh Stadium, Jaipur",Kolkata Knight Riders,Gujarat Titans,Kolkata Knight Riders,field,Kolkata Knight Riders,190,9,19.2,Gujarat Titans,216,4,13.7,Kolkata Knight Riders,26,runs,True,-5.878,5.878
151,2010,2010-03-21,"Narendra Modi Stadium, Ahmedabad",Lucknow Super Giants,Sunrisers Hyderabad,Lucknow Super Giants,bat,Lucknow Super Giants,197,4,19.7,Sunrisers Hyderabad,89,1,15.2,Sunrisers Hyderabad,9,wickets,True,4.122,-4.122
152,2010,2010-03-05,"Punjab Cricket Association Stadium, Mohali",Delhi Capitals,Chennai Super Kings,Delhi Capitals,bat,Delhi Capitals,206,6,18.1,Chennai Super Kings,167,5,15.2,Chennai Super Kings,5,wickets,False,0.423,-0.423
153,2010,2010-04-19,"Eden Gardens, Kolkata",Chennai Super Kings,Delhi Capitals,Chennai Super Kings,bat,Chennai Super Kings,176,9,18.8,Delhi Capitals,113,8,19.7,Delhi Capitals,2,wickets,False,3.634,-3.634
154,2010,2010-04-02,"Punjab Cricket Association Stadium, Mohali",Gujarat Titans,Lucknow Super Giants,Gujarat Titans,bat,Gujarat Titans,134,5,18.1,Lucknow Super Giants,110,5,19.9,Lucknow Super Giants,5,wickets,True,1.897,-1.897
155,2010,2010-03-25,"Eden Gardens, Kolkata",Chennai Super Kings,Sunrisers Hyderabad,Sunrisers Hyderabad,field,Chennai Super Kings,162,2,19.9,Sunrisers Hyderabad,194,8,11.2,Chennai Super Kings,32,runs,False,-9.208,9.208
156,2010,2010-03-10,"Arun Jaitley Stadium, Delhi",Gujarat Titans,Chennai Super Kings,Gujarat Titans,field,Gujarat Titans,215,6,18.8,Chennai Super Kings,198,5,10.6,Chennai Super Kings,5,wickets,True,-7.185,7.185
157,2010,2010-04-25,"M. Chinnaswamy Stadium, Bengaluru",Sunrisers Hyderabad,Chennai Super Kings,Sunrisers Hyderabad,field,Sunrisers Hyderabad,141,2,19.7,Chennai Super Kings,99,7,18.3,Chennai Super Kings,3,wickets,True,1.735,-1.735
158,2010,2010-04-15,"M.A. Chidambaram Stadium, Chennai",Kolkata Knight Riders,Lucknow Super Giants,Lucknow Super Giants,field,Kolkata Knight Riders,153,6,19.1,Lucknow Super Giants,224,9,19.7,Kolkata Knight Riders,71,runs,True,-3.344,3.344
159,2010,2010-03-27,"Eden Gardens, Kolkata",Rajasthan Royals,Lucknow Super Giants,Rajasthan Royals,bat,Rajasthan Royals,141,5,18.2,Lucknow Super Giants,188,1,17.8,Rajasthan Royals,47,runs,True,-2.807,2.807
160,2010,2010-04-29,"Wankhede Stadium, Mumbai",Punjab Kings,Sunrisers Hyderabad,Punjab Kings,bat,Punjab Kings,214,3,20.0,Sunrisers Hyderabad,202,2,15.2,Sunrisers Hyderabad,8,wickets,True,-2.601,2.601
161,2010,2010-04-19,"Wankhede Stadium, Mumbai",Mumbai Indians,Royal Challengers Bengaluru,Mumbai Indians,bat,Mumbai Indians,222,2,18.4,Royal Challengers Bengaluru,102,6,19.1,Royal Challengers Bengaluru,4,wickets,True,6.738,-6.738
162,2010,2010-03-13,"Narendra Modi Stadium, Ahmedabad",Sunrisers Hyderabad,Royal Challengers Bengaluru,Royal Challengers Bengaluru,field,Sunrisers Hyderabad,191,8,19.9,Royal Challengers Bengaluru,99,4,10.9,Royal Challengers Bengaluru,6,wickets,False,0.521,-0.521
163,2010,2010-03-13,"Eden Gardens, Kolkata",Delhi Capitals,Lucknow Super Giants,Delhi Capitals,field,Delhi Capitals,133,6,18.4,Lucknow Super Giants,172,3,16.5,Delhi Capitals,39,runs,True,-3.162,3.162
164,2010,2010-03-15,"Rajiv Gandhi International Stadium, Hyderabad",Sunrisers Hyderabad,Royal Challengers Bengaluru,Royal Challengers Bengaluru,bat,Sunrisers Hyderabad,198,9,18.4,Royal Challengers Bengaluru,203,1,15.0,Sunrisers Hyderabad,5,runs,True,-2.78,2.78
165,2010,2010-04-19,"Ekana Cricket Stadium, Lucknow",Rajasthan Royals,Gujarat Titans,Rajasthan Royals,bat,Rajasthan Royals,176,5,18.8,Gujarat Titans,225,1,15.9,Rajasthan Royals,49,runs,False,-4.785,4.785
166,2010,2010-04-23,"Ekana Cricket Stadium, Lucknow",Delhi Capitals,Mumbai Indians,Delhi Capitals,bat,Delhi Capitals,174,9,19.0,Mumbai Indians,187,1,18.2,Delhi Capitals,13,runs,True,-1.081,1.081
167,2010,2010-04-11,"Punjab Cricket Association Stadium, Mohali",Rajasthan Royals,Gujarat Titans,Rajasthan Royals,field,Rajasthan Royals,204,7,18.7,Gujarat Titans,145,6,16.7,Gujarat Titans,4,wickets,True,2.239,-2.239
168,2010,2010-03-06,"Narendra Modi Stadium, Ahmedabad",Delhi Capitals,Rajasthan Royals,Delhi Capitals,field,Delhi Capitals,125,7,18.9,Rajasthan Royals,159,2,17.5,Delhi Capitals,34,runs,False,-2.504,2.504
169,2010,2010-03-09,"Rajiv Gandhi International Stadium, Hyderabad",Punjab Kings,Kolkata Knight Riders,Punjab Kings,field,Punjab Kings,200,4,18.2,Kolkata Knight Riders,94,9,11.5,Kolkata Knight Riders,1,wickets,False,2.833,-2.833
170,2010,2010-03-08,"Narendra Modi Stadium, Ahmedabad",Delhi Capitals,Royal Challengers Bengaluru,Royal Challengers Bengaluru,field,Delhi Capitals,138,7,18.4,Royal Challengers Bengaluru,192,4,14.8,Delhi Capitals,54,runs,False,-5.467,5.467
171,2010,2010-03-24,"M.A. Chidambaram Stadium, Chennai",Kolkata Knight Riders,Royal Challengers Bengaluru,Royal Challengers Bengaluru,field,Kolkata Knight Riders,211,7,18.1,Royal Challengers Bengaluru,143,5,17.8,Royal Challengers Bengaluru,5,wickets,True,3.608,-3.608
172,2010,2010-04-22,"Narendra Modi Stadium, Ahmedabad",Rajasthan Royals,Chennai Super Kings,Rajasthan Royals,bat,Rajasthan Royals,157,4,18.4,Chennai Super Kings,114,5,13.9,Chennai Super Kings,5,wickets,False,0.365,-0.365
173,2010,2010-03-27,"M. Chinnaswamy Stadium, Bengaluru",Kolkata Knight Riders,Chennai Super Kings,Kolkata Knight Riders,bat,Kolkata Knight Riders,121,5,18.6,Chennai Super Kings,209,4,12.4,Kolkata Knight Riders,88,runs,True,-10.406,10.406
174,2010,2010-03-14,"Punjab Cricket Association Stadium, Mohali",Kolkata Knight Riders,Rajasthan Royals,Kolkata Knight Riders,field,Kolkata Knight Riders,188,9,19.2,Rajasthan Royals,146,9,19.1,Rajasthan Royals,1,wickets,True,2.128,-2.128
175,2010,2010-04-04,"Wankhede Stadium, Mumbai",Punjab Kings,Mumbai Indians,Mumbai Indians,bat,Punjab Kings,171,5,18.8,Mumbai Indians,147,6,15.5,Mumbai Indians,4,wickets,True,-0.382,0.382
176,2010,2010-04-08,"Rajiv Gandhi International Stadium, Hyderabad",Royal Challengers Bengaluru,Punjab Kings,Royal Challengers Bengaluru,field,Royal Challengers Bengaluru,204,9,19.7,Punjab Kings,97,9,13.1,Punjab Kings,1,wickets,True,2.951,-2.951
177,2010,2010-04-28,"Ekana Cricket Stadium, Lucknow",Sunrisers Hyderabad,Punjab Kings,Sunrisers Hyderabad,bat,Sunrisers Hyderabad,229,6,18.6,Punjab Kings,112,2,12.0,Punjab Kings,8,wickets,False,2.946,-2.946
178,2010,2010-04-05,"Narendra Modi Stadium, Ahmedabad",Rajasthan Royals,Punjab Kings,Rajasthan Royals,field,Rajasthan Royals,193,3,18.4,Punjab Kings,113,8,12.6,Punjab Kings,2,wickets,True,1.582,-1.582
179,2010,2010-04-08,"Narendra Modi Stadium, Ahmedabad",Royal Challengers Bengaluru,Punjab Kings,Royal Challengers Bengaluru,bat,Royal Challengers Bengaluru,225,4,19.9,Punjab Kings,164,3,14.3,Punjab Kings,7,wickets,True,-0.179,0.179
180,2010,2010-04-02,"Rajiv Gandhi International Stadium, Hyderabad",Punjab Kings,Sunrisers Hyderabad,Sunrisers Hyderabad,bat,Punjab Kings,201,8,18.4,Sunrisers Hyderabad,181,1,15.7,Sunrisers Hyderabad,9,wickets,True,-0.612,0.612
181,2010,2010-03-06,"Arun Jaitley Stadium, Delhi",Chennai Super Kings,Royal Challengers Bengaluru,Royal Challengers Bengaluru,field,Chennai Super Kings,204,2,18.8,Royal Challengers Bengaluru,130,7,13.7,Royal Challengers Bengaluru,3,wickets,False,1.378,-1.378
182,2010,2010-03-27,"Sawai Mansingh Stadium, Jaipur",Rajasthan Royals,Delhi Capitals,Delhi Capitals,field,Rajasthan Royals,177,7,19.4,Delhi Capitals,100,9,14.1,Delhi Capitals,1,wickets,True,2.05,-2.05
183,2010,2010-03-09,"Rajiv Gandhi International Stadium, Hyderabad",Mumbai Indians,Royal Challengers Bengaluru,Mumbai Indians,field,Mumbai Indians,226,2,18.9,Royal Challengers Bengaluru,99,2,11.9,Royal Challengers Bengaluru,8,wickets,True,3.583,-3.583
184,2010,2010-04-12,"Ekana Cricket Stadium, Lucknow",Sunrisers Hyderabad,Chennai Super Kings,Chennai Super Kings,field,Sunrisers Hyderabad,190,4,18.5,Chennai Super Kings,97,3,11.4,Chennai Super Kings,7,wickets,True,1.698,-1.698
185,2010,2010-03-27,"Narendra Modi Stadium, Ahmedabad",Royal Challengers Bengaluru,Gujarat Titans,Gujarat Titans,bat,Royal Challengers Bengaluru,148,2,18.3,Gujarat Titans,197,6,17.8,Royal Challengers Bengaluru,49,runs,False,-2.972,2.972
186,2010,2010-04-04,"Narendra Modi Stadium, Ahmedabad",Gujarat Titans,Delhi Capitals,Gujarat Titans,bat,Gujarat Titans,177,2,19.7,Delhi Capitals,161,3,16.2,Delhi Capitals,7,wickets,True,-0.976,0.976
187,2010,2010-03-22,"Ekana Cricket Stadium, Lucknow",Sunrisers Hyderabad,Chennai Super Kings,Sunrisers Hyderabad,field,Sunrisers Hyderabad,227,5,19.8,Chennai Super Kings,108,5,17.4,Chennai Super Kings,5,wickets,True,5.302,-5.302
188,2010,2010-04-27,"M.A. Chidambaram Stadium, Chennai",Royal Challengers Bengaluru,Delhi Capitals,Delhi Capitals,bat,Royal Challengers Bengaluru,153,6,19.0,Delhi Capitals,155,6,14.0,Royal Challengers Bengaluru,2,runs,True,-3.062,3.062
189,2010,2010-04-27,"Rajiv Gandhi International Stadium, Hyderabad",Sunrisers Hyderabad,Royal Challengers Bengaluru,Sunrisers Hyderabad,field,Sunrisers Hyderabad,147,6,18.4,Royal Challengers Bengaluru,130,8,19.6,Royal Challengers Bengaluru,2,wickets,True,1.369,-1.369
190,2010,2010-03-09,"Eden Gardens, Kolkata",Lucknow Super Giants,Chennai Super Kings,Lucknow Super Giants,field,Lucknow Super Giants,192,5,20.0,Chennai Super Kings,113,1,14.1,Chennai Super Kings,9,wickets,True,1.612,-1.612
191,2010,2010-03-20,"Eden Gardens, Kolkata",Rajasthan Royals,Sunrisers Hyderabad,Sunrisers Hyderabad,field,Rajasthan Royals,172,9,18.6,Sunrisers Hyderabad,117,7,13.4,Sunrisers Hyderabad,3,wickets,True,0.494,-0.494
192,2010,2010-04-26,"Wankhede Stadium, Mumbai",Gujarat Titans,Lucknow Super Giants,Gujarat Titans,bat,Gujarat Titans,220,7,19.1,Lucknow Super Giants,170,5,10.6,Lucknow Super Giants,5,wickets,True,-4.609,4.609
193,2010,2010-04-26,"Eden Gardens, Kolkata",Punjab Kings,Mumbai Indians,Punjab Kings,field,Punjab Kings,215,2,19.5,Mumbai Indians,160,3,18.7,Mumbai Indians,7,wickets,True,2.454,-2.454
194,2010,2010-03-19,"Arun Jaitley Stadium, Delhi",Royal Challengers Bengaluru,Lucknow Super Giants,Royal Challengers Bengaluru,field,Royal Challengers Bengaluru,207,3,18.5,Lucknow Super Giants,141,1,19.6,Lucknow Super Giants,9,wickets,True,4.013,-4.013
195,2010,2010-03-11,"Arun Jaitley Stadium, Delhi",Kolkata Knight Riders,Sunrisers Hyderabad,Kolkata Knight Riders,bat,Kolkata Knight Riders,133,5,19.3,Sunrisers Hyderabad,126,2,18.9,Sunrisers Hyderabad,8,wickets,True,0.225,-0.225
196,2010,2010-03-03,"M.A. Chidambaram Stadium, Chennai",Delhi Capitals,Gujarat Titans,Delhi Capitals,field,Delhi Capitals,138,9,19.8,Gujarat Titans,203,3,11.7,Delhi Capitals,65,runs,False,-10.409,10.409
197,2010,2010-03-19,"Wankhede Stadium, Mumbai",Lucknow Super Giants,Chennai Super Kings,Lucknow Super Giants,field,Lucknow Super Giants,129,2,18.3,Chennai Super Kings,159,8,15.8,Lucknow Super Giants,30,runs,True,-2.999,2.999
198,2010,2010-03-24,"Punjab Cricket Association Stadium, Mohali",Gujarat Titans,Kolkata Knight Riders,Gujarat Titans,field,Gujarat Titans,223,7,18.9,Kolkata Knight Riders,185,4,14.7,Kolkata Knight Riders,6,wickets,False,-0.803,0.803
199,2010,2010-04-23,"M.A. Chidambaram Stadium, Chennai",Royal Challengers Bengaluru,Sunrisers Hyderabad,Sunrisers Hyderabad,bat,Royal Challengers Bengaluru,207,8,18.7,Sunrisers Hyderabad,222,7,18.6,Royal Challengers Bengaluru,15,runs,False,-0.866,0.866
200,2010,2010-03-19,"M. Chinnaswamy Stadium, Bengaluru",Chennai Super Kings,Kolkata Knight Riders,Chennai Super Kings,field,Chennai Super Kings,191,9,18.6,Kolkata Knight Riders,227,6,12.9,Chennai Super Kings,36,runs,True,-7.325,7.325
201,2011,2011-03-12,"Punjab Cricket Association Stadium, Mohali",Punjab Kings,Rajasthan Royals,Rajasthan Royals,bat,Punjab Kings,156,7,19.3,Rajasthan Royals,163,7,10.7,Punjab Kings,7,runs,True,-7.114,7.114
202,2011,2011-04-14,"M. Chinnaswamy Stadium, Bengaluru",Kolkata Knight Riders,Mumbai Indians,Kolkata Knight Riders,bat,Kolkata Knight Riders,211,7,18.5,Mumbai Indians,206,8,15.5,Mumbai Indians,2,wickets,True,-1.905,1.905
203,2011,2011-03-15,"Punjab Cricket Association Stadium, Mohali",Lucknow Super Giants,Rajasthan Royals,Rajasthan Royals,field,Lucknow Super Giants,222,5,19.1,Rajasthan Royals,176,6,17.4,Rajasthan Royals,4,wickets,False,1.52,-1.52
204,2011,2011-03-03,"Ekana Cricket Stadium, Lucknow",Punjab Kings,Rajasthan Royals,Punjab Kings,bat,Punjab Kings,181,5,19.9,Rajasthan Royals,156,5,11.8,Rajasthan Royals,5,wickets,False,-4.126,4.126
205,2011,2011-04-05,"Sawai Mansingh Stadium, Jaipur",Delhi Capitals,Mumbai Indians,Delhi Capitals,field,Delhi Capitals,179,7,18.1,Mumbai Indians,112,6,11.5,Mumbai Indians,4,wickets,True,0.206,-0.206
206,2011,2011-03-22,"Eden Gardens, Kolkata",Punjab Kings,Kolkata Knight Riders,Punjab Kings,field,Punjab Kings,153,5,19.5,Kolkata Knight Riders,102,3,19.1,Kolkata Knight Riders,7,wickets,True,2.486,-2.486
207,2011,2011-03-29,"Ekana Cricket Stadium, Lucknow",Gujarat Titans,Rajasthan Royals,Rajasthan Royals,bat,Gujarat Titans,199,4,18.5,Rajasthan Royals,182,3,15.8,Rajasthan Royals,7,wickets,True,-0.745,0.745
208,2011,2011-04-13,"Punjab Cricket Association Stadium, Mohali",Delhi Capitals,Mumbai Indians,Mumbai Indians,field,Delhi Capitals,164,9,18.4,Mumbai Indians,136,5,18.3,Mumbai Indians,5,wickets,True,1.489,-1.489
209,2011,2011-03-15,"Ekana Cricket Stadium, Lucknow",Lucknow Super Giants,Royal Challengers Bengaluru,Royal Challengers Bengaluru,field,Lucknow Super Giants,184,8,18.5,Royal Challengers Bengaluru,85,3,15.5,Royal Challengers Bengaluru,7,wickets,True,4.432,-4.432
210,2011,2011-04-13,"Sawai Mansingh Stadium, Jaipur",Punjab Kings,Delhi Capitals,Delhi Capitals,field,Punjab Kings,208,4,18.7,Delhi Capitals,159,2,11.9,Delhi Capitals,8,wickets,True,-2.23,2.23
211,2011,2011-04-02,"Rajiv Gandhi International Stadium, Hyderabad",Royal Challengers Bengaluru,Mumbai Indians,Mumbai Indians,field,Royal Challengers Bengaluru,139,2,18.6,Mumbai Indians,96,2,16.6,Mumbai Indians,8,wickets,False,1.662,-1.662
212,2011,2011-03-03,"Arun Jaitley Stadium, Delhi",Mumbai Indians,Lucknow Super Giants,Lucknow Super Giants,bat,Mumbai Indians,122,8,18.3,Lucknow Super Giants,157,6,14.4,Mumbai Indians,35,runs,True,-4.205,4.205
213,2011,2011-04-20,"Narendra Modi Stadium, Ahmedabad",Rajasthan Royals,Gujarat Titans,Rajasthan Royals,bat,Rajasthan Royals,180,3,19.8,Gujarat Titans,130,5,11.5,Gujarat Titans,5,wickets,False,-2.217,2.217
214,2011,2011-04-02,"Arun Jaitley Stadium, Delhi",Sunrisers Hyderabad,Chennai Super Kings,Chennai Super Kings,field,Sunrisers Hyderabad,215,5,18.6,Chennai Super Kings,218,5,13.6,Sunrisers Hyderabad,3,runs,False,-4.475,4.475
215,2011,2011-03-21,"Rajiv Gandhi International Stadium, Hyderabad",Kolkata Knight Riders,Mumbai Indians,Kolkata Knight Riders,bat,Kolkata Knight Riders,155,5,19.3,Mumbai Indians,117,6,17.8,Mumbai Indians,4,wickets,True,1.451,-1.451
216,2011,2011-03-06,"Sawai Mansingh Stadium, Jaipur",Mumbai Indians,Chennai Super Kings,Chennai Super Kings,field,Mumbai Indians,196,3,18.1,Chennai Super Kings,209,3,14.5,Mumbai Indians,13,runs,True,-3.528,3.528
217,2011,2011-04-23,"Ekana Cricket Stadium, Lucknow",Chennai Super Kings,Gujarat Titans,Chennai Super Kings,bat,Chennai Super Kings,186,9,18.0,Gujarat Titans,125,9,19.5,Gujarat Titans,1,wickets,False,3.909,-3.909
218,2011,2011-03-13,"Ekana Cricket Stadium, Lucknow",Lucknow Super Giants,Punjab Kings,Lucknow Super Giants,field,Lucknow Super Giants,141,6,18.2,Punjab Kings,90,8,16.1,Punjab Kings,2,wickets,True,2.189,-2.189
219,2011,2011-04-10,"M.A. Chidambaram Stadium, Chennai",Delhi Capitals,Lucknow Super Giants,Lucknow Super Giants,field,Delhi Capitals,197,2,19.5,Lucknow Super Giants,107,8,14.7,Lucknow Super Giants,2,wickets,True,2.857,-2.857
220,2011,2011-03-07,"Rajiv Gandhi International Stadium, Hyderabad",Lucknow Super Giants,Gujarat Titans,Lucknow Super Giants,bat,Lucknow Super Giants,226,3,18.4,Gujarat Titans,189,5,19.4,Gujarat Titans,5,wickets,True,2.527,-2.527
221,2011,2011-04-29,"Eden Gardens, Kolkata",Gujarat Titans,Lucknow Super Giants,Gujarat Titans,field,Gujarat Titans,206,3,19.2,Lucknow Super Giants,151,9,12.6,Lucknow Super Giants,1,wickets,True,-1.296,1.296
222,2011,2011-04-10,"Wankhede Stadium, Mumbai",Chennai Super Kings,Rajasthan Royals,Rajasthan Royals,field,Chennai Super Kings,214,4,18.1,Rajasthan Royals,142,5,17.5,Rajasthan Royals,5,wickets,False,3.699,-3.699
223,2011,2011-04-15,"Arun Jaitley Stadium, Delhi",Mumbai Indians,Gujarat Titans,Mumbai Indians,field,Mumbai Indians,123,5,19.9,Gujarat Titans,117,6,11.2,Gujarat Titans,4,wickets,True,-4.306,4.306
224,2011,2011-04-16,"M.A. Chidambaram Stadium, Chennai",Chennai Super Kings,Royal Challengers Bengaluru,Chennai Super Kings,field,Chennai Super Kings,134,2,18.6,Royal Challengers Bengaluru,148,2,14.4,Chennai Super Kings,14,runs,True,-3.055,3.055
225,2011,2011-03-14,"Wankhede Stadium, Mumbai",Lucknow Super Giants,Royal Challengers Bengaluru,Royal Challengers Bengaluru,field,Lucknow Super Giants,153,4,19.3,Royal Challengers Bengaluru,193,1,10.1,Lucknow Super Giants,40,runs,False,-11.111,11.111
226,2011,2011-04-13,"Narendra Modi Stadium, Ahmedabad",Royal Challengers Bengaluru,Kolkata Knight Riders,Royal Challengers Bengaluru,bat,Royal Challengers Bengaluru,213,6,19.2,Kolkata Knight Riders,101,1,15.2,Kolkata Knight Riders,9,wickets,True,4.435,-4.435
227,2011,2011-04-19,"Rajiv Gandhi International Stadium, Hyderabad",Chennai Super Kings,Punjab Kings,Punjab Kings,field,Chennai Super Kings,155,2,19.2,Punjab Kings,117,7,12.8,Punjab Kings,3,wickets,True,-1.035,1.035
228,2011,2011-03-01,"Ekana Cricket Stadium, Lucknow",Royal Challengers Bengaluru,Lucknow Super Giants,Lucknow Super Giants,bat,Royal Challengers Bengaluru,160,5,19.1,Lucknow Super Giants,160,2,13.4,Lucknow Super Giants,8,wickets,True,-3.594,3.594
229,2011,2011-04-28,"Narendra Modi Stadium, Ahmedabad",Rajasthan Royals,Mumbai Indians,Mumbai Indians,bat,Rajasthan Royals,120,5,20.0,Mumbai Indians,123,5,11.3,Rajasthan Royals,3,runs,False,-4.863,4.863
230,2011,2011-04-15,"Arun Jaitley Stadium, Delhi",Gujarat Titans,Royal Challengers Bengaluru,Gujarat Titans,bat,Gujarat Titans,180,5,19.9,Royal Challengers Bengaluru,189,5,19.7,Gujarat Titans,9,runs,False,-0.525,0.525
231,2011,2011-04-09,"Sawai Mansingh Stadium, Jaipur",Gujarat Titans,Punjab Kings,Gujarat Titans,bat,Gujarat Titans,165,8,18.8,Punjab Kings,129,5,19.8,Punjab Kings,5,wickets,False,2.259,-2.259
232,2011,2011-03-11,"Eden Gardens, Kolkata",Mumbai Indians,Chennai Super Kings,Chennai Super Kings,bat,Mumbai Indians,198,7,18.4,Chennai Super Kings,156,7,12.6,Chennai Super Kings,3,wickets,True,-1.564,1.564
233,2011,2011-04-02,"Sawai Mansingh Stadium, Jaipur",Sunrisers Hyderabad,Royal Challengers Bengaluru,Royal Challengers Bengaluru,bat,Sunrisers Hyderabad,131,8,19.1,Royal Challengers Bengaluru,119,2,19.0,Royal Challengers Bengaluru,8,wickets,True,0.58,-0.58
234,2011,2011-03-21,"M.A. Chidambaram Stadium, Chennai",Delhi Capitals,Rajasthan Royals,Rajasthan Royals,bat,Delhi Capitals,194,7,18.3,Rajasthan Royals,124,8,19.4,Rajasthan Royals,2,wickets,True,4.221,-4.221
235,2011,2011-03-01,"Ekana Cricket Stadium, Lucknow",Kolkata Knight Riders,Sunrisers Hyderabad,Kolkata Knight Riders,bat,Kolkata Knight Riders,177,3,19.0,Sunrisers Hyderabad,203,5,11.8,Kolkata Knight Riders,26,runs,True,-7.937,7.937
236,2011,2011-03-06,"M. Chinnaswamy Stadium, Bengaluru",Mumbai Indians,Lucknow Super Giants,Mumbai Indians,bat,Mumbai Indians,223,2,18.5,Lucknow Super Giants,130,3,10.3,Lucknow Super Giants,7,wickets,False,-0.52,0.52
237,2011,2011-04-29,"Eden Gardens, Kolkata",Kolkata Knight Riders,Gujarat Titans,Gujarat Titans,bat,Kolkata Knight Riders,157,4,18.2,Gujarat Titans,170,1,12.0,Kolkata Knight Riders,13,runs,True,-5.506,5.506
238,2011,2011-03-13,"Arun Jaitley Stadium, Delhi",Lucknow Super Giants,Kolkata Knight Riders,Kolkata Knight Riders,field,Lucknow Super Giants,222,4,19.5,Kolkata Knight Riders,90,7,18.4,Kolkata Knight Riders,3,wickets,True,6.477,-6.477
239,2011,2011-03-20,"Narendra Modi Stadium, Ahmedabad",Chennai Super Kings,Sunrisers Hyderabad,Sunrisers Hyderabad,bat,Chennai Super Kings,127,9,18.2,Sunrisers Hyderabad,219,9,17.7,Chennai Super Kings,92,runs,False,-5.39,5.39
240,2011,2011-04-02,"Rajiv Gandhi International Stadium, Hyderabad",Chennai Super Kings,Mumbai Indians,Mumbai Indians,field,Chennai Super Kings,208,6,19.7,Mumbai Indians,132,1,12.8,Mumbai Indians,9,wickets,True,0.206,-0.206
241,2011,2011-04-10,"M. Chinnaswamy Stadium, Bengaluru",Rajasthan Royals,Delhi Capitals,Delhi Capitals,bat,Rajasthan Royals,213,5,19.8,Delhi Capitals,107,3,18.9,Delhi Capitals,7,wickets,True,5.13,-5.13
242,2011,2011-03-24,"Sawai Mansingh Stadium, Jaipur",Delhi Capitals,Punjab Kings,Delhi Capitals,bat,Delhi Capitals,161,6,18.3,Punjab Kings,195,4,15.7,Delhi Capitals,34,runs,True,-3.658,3.658
243,2011,2011-03-24,"Ekana Cricket Stadium, Lucknow",Gujarat Titans,Royal Challengers Bengaluru,Gujarat Titans,field,Gujarat Titans,174,9,19.7,Royal Challengers Bengaluru,104,2,15.3,Royal Challengers Bengaluru,8,wickets,False,2.03,-2.03
244,2011,2011-03-24,"M. Chinnaswamy Stadium, Bengaluru",Delhi Capitals,Royal Challengers Bengaluru,Delhi Capitals,field,Delhi Capitals,223,2,19.1,Royal Challengers Bengaluru,137,7,10.6,Royal Challengers Bengaluru,3,wickets,True,-1.28,1.28
245,2011,2011-03-10,"Arun Jaitley Stadium, Delhi",Mumbai Indians,Lucknow Super Giants,Mumbai Indians,bat,Mumbai Indians,127,7,18.2,Lucknow Super Giants,139,9,18.9,Mumbai Indians,12,runs,False,-0.372,0.372
246,2011,2011-03-14,"Rajiv Gandhi International Stadium, Hyderabad",Delhi Capitals,Chennai Super Kings,Delhi Capitals,bat,Delhi Capitals,171,3,18.2,Chennai Super Kings,188,9,14.6,Delhi Capitals,17,runs,True,-3.527,3.527
247,2011,2011-04-13,"Wankhede Stadium, Mumbai",Punjab Kings,Lucknow Super Giants,Lucknow Super Giants,bat,Punjab Kings,184,9,19.9,Lucknow Super Giants,131,3,13.6,Lucknow Super Giants,7,wickets,True,-0.418,0.418
248,2011,2011-04-20,"Narendra Modi Stadium, Ahmedabad",Royal Challengers Bengaluru,Chennai Super Kings,Chennai Super Kings,bat,Royal Challengers Bengaluru,172,7,18.1,Chennai Super Kings,168,1,16.5,Chennai Super Kings,9,wickets,True,-0.674,0.674
249,2011,2011-03-09,"Ekana Cricket Stadium, Lucknow",Rajasthan Royals,Mumbai Indians,Mumbai Indians,field,Rajasthan Royals,164,9,18.3,Mumbai Indians,207,3,13.7,Rajasthan Royals,43,runs,True,-6.153,6.153
250,2011,2011-03-11,"Eden Gardens, Kolkata",Mumbai Indians,Sunrisers Hyderabad,Sunrisers Hyderabad,bat,Mumbai Indians,193,5,18.4,Sunrisers Hyderabad,184,3,16.3,Sunrisers Hyderabad,7,wickets,True,-0.817,0.817
251,2011,2011-03-02,"Rajiv Gandhi International Stadium, Hyderabad",Punjab Kings,Delhi Capitals,Punjab Kings,bat,Punjab Kings,151,6,19.9,Delhi Capitals,124,5,19.1,Delhi Capitals,5,wickets,True,1.083,-1.083
252,2011,2011-03-15,"Punjab Cricket Association Stadium, Mohali",Punjab Kings,Rajasthan Royals,Rajasthan Royals,field,Punjab Kings,208,5,18.2,Rajasthan Royals,146,6,11.3,Rajasthan Royals,4,wickets,True,-1.522,1.522
253,2011,2011-03-17,"Narendra Modi Stadium, Ahmedabad",Mumbai Indians,Sunrisers Hyderabad,Sunrisers Hyderabad,field,Mumbai Indians,221,6,19.5,Sunrisers Hyderabad,168,8,18.7,Sunrisers Hyderabad,2,wickets,False,2.34,-2.34
254,2011,2011-04-03,"Narendra Modi Stadium, Ahmedabad",Royal Challengers Bengaluru,Punjab Kings,Punjab Kings,field,Royal Challengers Bengaluru,173,5,18.4,Punjab Kings,214,4,17.0,Royal Challengers Bengaluru,41,runs,False,-3.146,3.146
255,2011,2011-04-09,"Rajiv Gandhi International Stadium, Hyderabad",Rajasthan Royals,Gujarat Titans,Rajasthan Royals,bat,Rajasthan Royals,150,4,19.9,Gujarat Titans,104,7,16.1,Gujarat Titans,3,wickets,True,1.063,-1.063
256,2011,2011-03-15,"Rajiv Gandhi International Stadium, Hyderabad",Mumbai Indians,Punjab Kings,Punjab Kings,bat,Mumbai Indians,218,2,19.5,Punjab Kings,228,9,17.6,Mumbai Indians,10,runs,True,-1.777,1.777
257,2011,2011-03-12,"Eden Gardens, Kolkata",Rajasthan Royals,Sunrisers Hyderabad,Sunrisers Hyderabad,field,Rajasthan Royals,181,5,19.2,Sunrisers Hyderabad,174,9,20.0,Sunrisers Hyderabad,1,wickets,False,0.707,-0.707
258,2011,2011-04-02,"Eden Gardens, Kolkata",Mumbai Indians,Chennai Super Kings,Mumbai Indians,bat,Mumbai Indians,150,3,19.5,Chennai Super Kings,203,5,19.2,Mumbai Indians,53,runs,False,-2.896,2.896
259,2011,2011-04-17,"Wankhede Stadium, Mumbai",Mumbai Indians,Rajasthan Royals,Mumbai Indians,bat,Mumbai Indians,163,9,18.4,Rajasthan Royals,98,2,15.7,Rajasthan Royals,8,wickets,True,2.622,-2.622
260,2011,2011-04-03,"Narendra Modi Stadium, Ahmedabad",Kolkata Knight Riders,Chennai Super Kings,Kolkata Knight Riders,bat,Kolkata Knight Riders,200,5,19.4,Chennai Super Kings,111,8,13.7,Chennai Super Kings,2,wickets,True,2.215,-2.215
261,2011,2011-03-03,"Wankhede Stadium, Mumbai",Royal Challengers Bengaluru,Chennai Super Kings,Chennai Super Kings,field,Royal Challengers Bengaluru,224,4,19.4,Chennai Super Kings,80,1,18.6,Chennai Super Kings,9,wickets,True,7.223,-7.223
262,2011,2011-03-15,"Wankhede Stadium, Mumbai",Royal Challengers Bengaluru,Mumbai Indians,Mumbai Indians,field,Royal Challengers Bengaluru,200,3,19.1,Mumbai Indians,195,4,18.0,Mumbai Indians,6,wickets,True,-0.387,0.387
263,2011,2011-04-08,"M.A. Chidambaram Stadium, Chennai",Lucknow Super Giants,Gujarat Titans,Gujarat Titans,field,Lucknow Super Giants,223,2,19.0,Gujarat Titans,94,8,16.7,Gujarat Titans,2,wickets,True,6.12,-6.12
264,2011,2011-03-05,"Eden Gardens, Kolkata",Rajasthan Royals,Sunrisers Hyderabad,Rajasthan Royals,field,Rajasthan Royals,149,5,18.7,Sunrisers Hyderabad,184,3,12.5,Rajasthan Royals,35,runs,True,-6.722,6.722
265,2011,2011-03-02,"Punjab Cricket Association Stadium, Mohali",Gujarat Titans,Sunrisers Hyderabad,Sunrisers Hyderabad,bat,Gujarat Titans,169,7,19.7,Sunrisers Hyderabad,94,3,11.5,Sunrisers Hyderabad,7,wickets,False,0.411,-0.411
266,2011,2011-04-01,"Ekana Cricket Stadium, Lucknow",Sunrisers Hyderabad,Royal Challengers Bengaluru,Sunrisers Hyderabad,bat,Sunrisers Hyderabad,156,7,18.1,Royal Challengers Bengaluru,207,6,17.6,Sunrisers Hyderabad,51,runs,True,-3.19,3.19
267,2011,2011-04-22,"Ekana Cricket Stadium, Lucknow",Delhi Capitals,Royal Challengers Bengaluru,Royal Challengers Bengaluru,bat,Delhi Capitals,163,3,18.2,Royal Challengers Bengaluru,138,5,16.0,Royal Challengers Bengaluru,5,wickets,True,0.288,-0.288
268,2012,2012-04-29,"Narendra Modi Stadium, Ahmedabad",Gujarat Titans,Rajasthan Royals,Gujarat Titans,bat,Gujarat Titans,177,6,18.6,Rajasthan Royals,210,3,19.3,Gujarat Titans,33,runs,True,-1.351,1.351
269,2012,2012-04-04,"Arun Jaitley Stadium, Delhi",Lucknow Super Giants,Rajasthan Royals,Rajasthan Royals,bat,Lucknow Super Giants,158,2,18.5,Rajasthan Royals,226,5,10.7,Lucknow Super Giants,68,runs,True,-12.621,12.621
270,2012,2012-03-22,"Rajiv Gandhi International Stadium, Hyderabad",Mumbai Indians,Chennai Super Kings,Chennai Super Kings,bat,Mumbai Indians,136,9,19.5,Chennai Super Kings,95,1,16.9,Chennai Super Kings,9,wickets,True,1.377,-1.377
271,2012,2012-03-13,"Rajiv Gandhi International Stadium, Hyderabad",Mumbai Indians,Gujarat Titans,Gujarat Titans,field,Mumbai Indians,171,4,19.4,Gujarat Titans,108,9,15.9,Gujarat Titans,1,wickets,True,2.014,-2.014
272,2012,2012-03-12,"Ekana Cricket Stadium, Lucknow",Sunrisers Hyderabad,Punjab Kings,Sunrisers Hyderabad,bat,Sunrisers Hyderabad,120,3,19.1,Punjab Kings,130,5,15.7,Sunrisers Hyderabad,10,runs,False,-1.982,1.982
273,2012,2012-03-18,"Arun Jaitley Stadium, Delhi",Sunrisers Hyderabad,Delhi Capitals,Sunrisers Hyderabad,field,Sunrisers Hyderabad,188,7,19.3,Delhi Capitals,122,8,16.2,Delhi Capitals,2,wickets,True,2.241,-2.241
274,2012,2012-03-22,"M. Chinnaswamy Stadium, Bengaluru",Chennai Super Kings,Punjab Kings,Punjab Kings,field,Chennai Super Kings,227,8,19.4,Punjab Kings,129,1,15.9,Punjab Kings,9,wickets,False,3.625,-3.625
275,2012,2012-03-11,"Arun Jaitley Stadium, Delhi",Lucknow Super Giants,Gujarat Titans,Gujarat Titans,field,Lucknow Super Giants,152,4,18.9,Gujarat Titans,205,8,17.2,Lucknow Super Giants,53,runs,True,-3.85,3.85
276,2012,2012-03-10,"M.A. Chidambaram Stadium, Chennai",Royal Challengers Bengaluru,Mumbai Indians,Royal Challengers Bengaluru,bat,Royal Challengers Bengaluru,137,4,19.9,Mumbai Indians,137,5,12.3,Mumbai Indians,5,wickets,False,-4.206,4.206
277,2012,2012-03-02,"Eden Gardens, Kolkata",Mumbai Indians,Gujarat Titans,Gujarat Titans,field,Mumbai Indians,208,8,18.2,Gujarat Titans,218,6,19.6,Mumbai Indians,10,runs,True,0.287,-0.287
278,2012,2012-04-20,"Narendra Modi Stadium, Ahmedabad",Gujarat Titans,Lucknow Super Giants,Lucknow Super Giants,field,Gujarat Titans,229,6,18.4,Lucknow Super Giants,192,8,15.0,Lucknow Super Giants,2,wickets,False,-0.382,0.382
279,2012,2012-04-14,"Narendra Modi Stadium, Ahmedabad",Lucknow Super Giants,Punjab Kings,Punjab Kings,bat,Lucknow Super Giants,212,2,19.9,Punjab Kings,178,9,15.3,Punjab Kings,1,wickets,True,-0.952,0.952
280,2012,2012-04-07,"M.A. Chidambaram Stadium, Chennai",Punjab Kings,Rajasthan Royals,Punjab Kings,bat,Punjab Kings,197,3,19.7,Rajasthan Royals,134,2,12.3,Rajasthan Royals,8,wickets,True,-0.91,0.91
281,2012,2012-04-25,"Arun Jaitley Stadium, Delhi",Chennai Super Kings,Kolkata Knight Riders,Kolkata Knight Riders,bat,Chennai Super Kings,204,7,19.8,Kolkata Knight Riders,145,2,19.1,Kolkata Knight Riders,8,wickets,True,2.712,-2.712
282,2012,2012-03-11,"Punjab Cricket Association Stadium, Mohali",Royal Challengers Bengaluru,Punjab Kings,Punjab Kings,field,Royal Challengers Bengaluru,176,7,18.0,Punjab Kings,85,9,15.9,Punjab Kings,1,wickets,True,4.399,-4.399
283,2012,2012-03-29,"Arun Jaitley Stadium, Delhi",Royal Challengers Bengaluru,Mumbai Indians,Royal Challengers Bengaluru,field,Royal Challengers Bengaluru,120,5,18.7,Mumbai Indians,204,3,15.3,Royal Challengers Bengaluru,84,runs,True,-6.931,6.931
284,2012,2012-04-21,"Eden Gardens, Kolkata",Kolkata Knight Riders,Chennai Super Kings,Chennai Super Kings,bat,Kolkata Knight Riders,180,6,19.0,Chennai Super Kings,96,6,19.5,Chennai Super Kings,4,wickets,False,4.551,-4.551
285,2012,2012-04-18,"M. Chinnaswamy Stadium, Bengaluru",Mumbai Indians,Gujarat Titans,Mumbai Indians,bat,Mumbai Indians,216,2,19.2,Gujarat Titans,172,7,17.5,Gujarat Titans,3,wickets,True,1.382,-1.382
286,2012,2012-03-24,"Wankhede Stadium, Mumbai",Kolkata Knight Riders,Royal Challengers Bengaluru,Royal Challengers Bengaluru,bat,Kolkata Knight Riders,170,7,20.0,Royal Challengers Bengaluru,136,1,15.6,Royal Challengers Bengaluru,9,wickets,True,-0.228,0.228
287,2012,2012-03-03,"Punjab Cricket Association Stadium, Mohali",Delhi Capitals,Kolkata Knight Riders,Delhi Capitals,field,Delhi Capitals,208,8,18.2,Kolkata Knight Riders,100,9,10.3,Kolkata Knight Riders,1,wickets,True,1.654,-1.654
288,2012,2012-04-26,"Wankhede Stadium, Mumbai",Chennai Super Kings,Punjab Kings,Punjab Kings,bat,Chennai Super Kings,215,4,18.3,Punjab Kings,110,5,14.0,Punjab Kings,5,wickets,True,3.884,-3.884
289,2012,2012-03-12,"M.A. Chidambaram Stadium, Chennai",Sunrisers Hyderabad,Punjab Kings,Punjab Kings,bat,Sunrisers Hyderabad,200,9,18.2,Punjab Kings,135,4,19.4,Punjab Kings,6,wickets,True,4.053,-4.053
290,2012,2012-03-11,"Sawai Mansingh Stadium, Jaipur",Sunrisers Hyderabad,Punjab Kings,Punjab Kings,field,Sunrisers Hyderabad,173,2,18.3,Punjab Kings,149,6,12.3,Punjab Kings,4,wickets,True,-2.629,2.629
291,2012,2012-04-24,"Narendra Modi Stadium, Ahmedabad",Royal Challengers Bengaluru,Gujarat Titans,Gujarat Titans,bat,Royal Challengers Bengaluru,154,8,18.5,Gujarat Titans,100,5,12.0,Gujarat Titans,5,wickets,True,-0.046,0.046
292,2012,2012-03-10,"Narendra Modi Stadium, Ahmedabad",Lucknow Super Giants,Gujarat Titans,Gujarat Titans,field,Lucknow Super Giants,158,3,19.9,Gujarat Titans,215,6,14.2,Lucknow Super Giants,57,runs,True,-7.16,7.16
293,2012,2012-03-14,"M. Chinnaswamy Stadium, Bengaluru",Mumbai Indians,Royal Challengers Bengaluru,Royal Challengers Bengaluru,bat,Mumbai Indians,184,5,19.8,Royal Challengers Bengaluru,161,6,15.2,Royal Challengers Bengaluru,4,wickets,True,-1.281,1.281
294,2012,2012-04-26,"Narendra Modi Stadium, Ahmedabad",Royal Challengers Bengaluru,Delhi Capitals,Royal Challengers Bengaluru,bat,Royal Challengers Bengaluru,198,7,19.5,Delhi Capitals,228,6,18.6,Royal Challengers Bengaluru,30,runs,False,-2.095,2.095
295,2012,2012-03-14,"Rajiv Gandhi International Stadium, Hyderabad",Kolkata Knight Riders,Sunrisers Hyderabad,Kolkata Knight Riders,field,Kolkata Knight Riders,138,8,20.0,Sunrisers Hyderabad,106,4,18.1,Sunrisers Hyderabad,6,wickets,True,1.061,-1.061
296,2012,2012-04-08,"Eden Gardens, Kolkata",Lucknow Super Giants,Gujarat Titans,Lucknow Super Giants,field,Lucknow Super Giants,179,2,18.5,Gujarat Titans,127,8,14.0,Gujarat Titans,2,wickets,True,0.607,-0.607
297,2012,2012-03-12,"Narendra Modi Stadium, Ahmedabad",Chennai Super Kings,Rajasthan Royals,Chennai Super Kings,field,Chennai Super Kings,186,2,19.1,Rajasthan Royals,138,5,16.1,Rajasthan Royals,5,wickets,True,1.164,-1.164
298,2012,2012-04-25,"Arun Jaitley Stadium, Delhi",Lucknow Super Giants,Rajasthan Royals,Lucknow Super Giants,field,Lucknow Super Giants,133,5,19.6,Rajasthan Royals,184,7,13.4,Lucknow Super Giants,51,runs,True,-6.944,6.944
299,2012,2012-03-28,"Arun Jaitley Stadium, Delhi",Chennai Super Kings,Royal Challengers Bengaluru,Royal Challengers Bengaluru,bat,Chennai Super Kings,206,7,18.5,Royal Challengers Bengaluru,191,7,12.6,Royal Challengers Bengaluru,3,wickets,True,-4.069,4.069
300,2012,2012-04-26,"Narendra Modi Stadium, Ahmedabad",Lucknow Super Giants,Kolkata Knight Riders,Lucknow Super Giants,field,Lucknow Super Giants,174,8,18.3,Kolkata Knight Riders,200,8,10.3,Lucknow Super Giants,26,runs,True,-9.885,9.885
301,2012,2012-03-05,"Arun Jaitley Stadium, Delhi",Sunrisers Hyderabad,Punjab Kings,Sunrisers Hyderabad,bat,Sunrisers Hyderabad,200,8,19.4,Punjab Kings,83,5,18.9,Punjab Kings,5,wickets,False,5.913,-5.913
302,2012,2012-04-29,"Ekana Cricket Stadium, Lucknow",Delhi Capitals,Punjab Kings,Delhi Capitals,bat,Delhi Capitals,153,3,18.3,Punjab Kings,84,8,12.3,Punjab Kings,2,wickets,True,1.521,-1.521
303,2012,2012-04-23,"Arun Jaitley Stadium, Delhi",Mumbai Indians,Kolkata Knight Riders,Kolkata Knight Riders,field,Mumbai Indians,221,8,18.7,Kolkata Knight Riders,180,4,11.7,Kolkata Knight Riders,6,wickets,True,-3.6,3.6
304,2012,2012-04-14,"Eden Gardens, Kolkata",Chennai Super Kings,Royal Challengers Bengaluru,Royal Challengers Bengaluru,field,Chennai Super Kings,218,2,18.6,Royal Challengers Bengaluru,109,5,13.3,Royal Challengers Bengaluru,5,wickets,False,3.552,-3.552
305,2012,2012-04-11,"Arun Jaitley Stadium, Delhi",Chennai Super Kings,Sunrisers Hyderabad,Chennai Super Kings,field,Chennai Super Kings,130,6,18.2,Sunrisers Hyderabad,125,8,11.7,Sunrisers Hyderabad,2,wickets,True,-3.49,3.49
306,2012,2012-03-03,"M. Chinnaswamy Stadium, Bengaluru",Sunrisers Hyderabad,Rajasthan Royals,Rajasthan Royals,bat,Sunrisers Hyderabad,204,5,18.1,Rajasthan Royals,221,3,17.2,Sunrisers Hyderabad,17,runs,True,-1.527,1.527
307,2012,2012-04-03,"Rajiv Gandhi International Stadium, Hyderabad",Gujarat Titans,Delhi Capitals,Delhi Capitals,field,Gujarat Titans,175,7,19.3,Delhi Capitals,165,5,16.5,Delhi Capitals,5,wickets,True,-0.938,0.938
308,2012,2012-03-24,"Wankhede Stadium, Mumbai",Kolkata Knight Riders,Delhi Capitals,Delhi Capitals,field,Kolkata Knight Riders,175,5,19.4,Delhi Capitals,88,8,19.9,Delhi Capitals,2,wickets,False,4.624,-4.624
309,2012,2012-03-04,"Wankhede Stadium, Mumbai",Gujarat Titans,Chennai Super Kings,Gujarat Titans,field,Gujarat Titans,186,4,19.3,Chennai Super Kings,163,5,12.6,Chennai Super Kings,5,wickets,False,-3.3,3.3
310,2012,2012-03-12,"Punjab Cricket Association Stadium, Mohali",Chennai Super Kings,Sunrisers Hyderabad,Chennai Super Kings,bat,Chennai Super Kings,154,3,19.4,Sunrisers Hyderabad,115,7,15.4,Sunrisers Hyderabad,3,wickets,True,0.473,-0.473
311,2012,2012-04-20,"Wankhede Stadium, Mumbai",Rajasthan Royals,Gujarat Titans,Rajasthan Royals,field,Rajasthan Royals,144,9,19.7,Gujarat Titans,92,6,16.3,Gujarat Titans,4,wickets,True,1.657,-1.657
312,2012,2012-04-22,"Ekana Cricket Stadium, Lucknow",Sunrisers Hyderabad,Punjab Kings,Sunrisers Hyderabad,bat,Sunrisers Hyderabad,186,2,19.2,Punjab Kings,171,2,12.4,Punjab Kings,8,wickets,True,-4.046,4.046
313,2012,2012-04-09,"M.A. Chidambaram Stadium, Chennai",Sunrisers Hyderabad,Chennai Super Kings,Sunrisers Hyderabad,bat,Sunrisers Hyderabad,142,8,19.4,Chennai Super Kings,142,1,10.3,Chennai Super Kings,9,wickets,True,-6.485,6.485
314,2012,2012-04-22,"Sawai Mansingh Stadium, Jaipur",Delhi Capitals,Punjab Kings,Delhi Capitals,field,Delhi Capitals,202,4,19.4,Punjab Kings,171,1,19.6,Punjab Kings,9,wickets,True,1.692,-1.692
315,2012,2012-04-20,"M. Chinnaswamy Stadium, Bengaluru",Rajasthan Royals,Mumbai Indians,Mumbai Indians,field,Rajasthan Royals,177,7,18.4,Mumbai Indians,209,5,14.6,Rajasthan Royals,32,runs,True,-4.691,4.691
316,2012,2012-04-08,"Punjab Cricket Association Stadium, Mohali",Kolkata Knight Riders,Punjab Kings,Kolkata Knight Riders,bat,Kolkata Knight Riders,177,4,18.1,Punjab Kings,108,8,14.3,Punjab Kings,2,wickets,True,2.247,-2.247
317,2012,2012-03-24,"Arun Jaitley Stadium, Delhi",Royal Challengers Bengaluru,Punjab Kings,Punjab Kings,bat,Royal Challengers Bengaluru,184,2,19.5,Punjab Kings,187,4,13.8,Royal Challengers Bengaluru,3,runs,True,-4.129,4.129
318,2012,2012-04-16,"Rajiv Gandhi International Stadium, Hyderabad",Kolkata Knight Riders,Lucknow Super Giants,Kolkata Knight Riders,field,Kolkata Knight Riders,170,7,18.9,Lucknow Super Giants,109,7,14.6,Lucknow Super Giants,3,wickets,True,1.536,-1.536
319,2012,2012-04-19,"M.A. Chidambaram Stadium, Chennai",Chennai Super Kings,Kolkata Knight Riders,Chennai Super Kings,bat,Chennai Super Kings,211,2,18.8,Kolkata Knight Riders,177,6,19.3,Kolkata Knight Riders,4,wickets,False,2.043,-2.043
320,2012,2012-04-01,"Wankhede Stadium, Mumbai",Rajasthan Royals,Gujarat Titans,Rajasthan Royals,bat,Rajasthan Royals,221,2,18.4,Gujarat Titans,97,3,14.0,Gujarat Titans,7,wickets,True,5.067,-5.067
321,2012,2012-03-04,"Wankhede Stadium, Mumbai",Lucknow Super Giants,Chennai Super Kings,Lucknow Super Giants,field,Lucknow Super Giants,153,4,19.1,Chennai Super Kings,129,2,10.2,Chennai Super Kings,8,wickets,True,-4.583,4.583
322,2012,2012-03-06,"M.A. Chidambaram Stadium, Chennai",Chennai Super Kings,Punjab Kings,Punjab Kings,field,Chennai Super Kings,182,6,19.2,Punjab Kings,161,9,10.9,Punjab Kings,1,wickets,True,-5.323,5.323
323,2012,2012-03-29,"Sawai Mansingh Stadium, Jaipur",Sunrisers Hyderabad,Punjab Kings,Sunrisers Hyderabad,bat,Sunrisers Hyderabad,168,9,18.3,Punjab Kings,144,9,13.8,Punjab Kings,1,wickets,True,-1.26,1.26
324,2012,2012-03-05,"Ekana Cricket Stadium, Lucknow",Mumbai Indians,Delhi Capitals,Mumbai Indians,field,Mumbai Indians,187,7,18.3,Delhi Capitals,157,5,16.7,Delhi Capitals,5,wickets,True,0.838,-0.838
325,2012,2012-04-02,"Narendra Modi Stadium, Ahmedabad",Royal Challengers Bengaluru,Sunrisers Hyderabad,Sunrisers Hyderabad,bat,Royal Challengers Bengaluru,150,7,20.0,Sunrisers Hyderabad,163,1,11.6,Royal Challengers Bengaluru,13,runs,True,-6.539,6.539
326,2012,2012-04-26,"Punjab Cricket Association Stadium, Mohali",Delhi Capitals,Chennai Super Kings,Delhi Capitals,field,Delhi Capitals,172,4,19.4,Chennai Super Kings,157,6,12.1,Chennai Super Kings,4,wickets,True,-4.132,4.132
327,2012,2012-03-24,"Sawai Mansingh Stadium, Jaipur",Gujarat Titans,Punjab Kings,Punjab Kings,bat,Gujarat Titans,198,2,18.5,Punjab Kings,178,1,19.9,Punjab Kings,9,wickets,False,1.749,-1.749
328,2012,2012-03-23,"M. Chinnaswamy Stadium, Bengaluru",Gujarat Titans,Chennai Super Kings,Chennai Super Kings,bat,Gujarat Titans,133,4,19.6,Chennai Super Kings,83,9,18.8,Chennai Super Kings,1,wickets,False,2.361,-2.361
329,2012,2012-03-24,"Ekana Cricket Stadium, Lucknow",Lucknow Super Giants,Chennai Super Kings,Chennai Super Kings,field,Lucknow Super Giants,141,4,18.3,Chennai Super Kings,158,1,12.5,Lucknow Super Giants,17,runs,True,-4.962,4.962
330,2012,2012-04-06,"M.A. Chidambaram Stadium, Chennai",Delhi Capitals,Lucknow Super Giants,Lucknow Super Giants,field,Delhi Capitals,132,4,19.1,Lucknow Super Giants,130,3,12.8,Lucknow Super Giants,7,wickets,True,-3.213,3.213
331,2012,2012-03-21,"Punjab Cricket Association Stadium, Mohali",Rajasthan Royals,Royal Challengers Bengaluru,Rajasthan Royals,bat,Rajasthan Royals,148,9,19.0,Royal Challengers Bengaluru,140,8,16.5,Royal Challengers Bengaluru,2,wickets,True,-0.68,0.68
332,2012,2012-04-16,"Punjab Cricket Association Stadium, Mohali",Gujarat Titans,Delhi Capitals,Delhi Capitals,bat,Gujarat Titans,201,2,19.2,Delhi Capitals,108,1,12.4,Delhi Capitals,9,wickets,False,1.761,-1.761
333,2012,2012-04-19,"Punjab Cricket Association Stadium, Mohali",Chennai Super Kings,Gujarat Titans,Gujarat Titans,field,Chennai Super Kings,222,8,18.6,Gujarat Titans,217,5,15.6,Gujarat Titans,5,wickets,True,-1.96,1.96
334,2013,2013-03-23,"Ekana Cricket Stadium, Lucknow",Chennai Super Kings,Royal Challengers Bengaluru,Royal Challengers Bengaluru,bat,Chennai Super Kings,188,8,19.2,Royal Challengers Bengaluru,150,3,17.5,Royal Challengers Bengaluru,7,wickets,False,1.205,-1.205
335,2013,2013-04-09,"M.A. Chidambaram Stadium, Chennai",Delhi Capitals,Lucknow Super Giants,Delhi Capitals,bat,Delhi Capitals,203,8,18.6,Lucknow Super Giants,127,9,17.6,Lucknow Super Giants,1,wickets,True,3.715,-3.715
336,2013,2013-03-17,"Ekana Cricket Stadium, Lucknow",Sunrisers Hyderabad,Lucknow Super Giants,Sunrisers Hyderabad,bat,Sunrisers Hyderabad,184,4,18.5,Lucknow Super Giants,139,4,17.4,Lucknow Super Giants,6,wickets,True,1.985,-1.985
337,2013,2013-03-08,"M.A. Chidambaram Stadium, Chennai",Kolkata Knight Riders,Chennai Super Kings,Kolkata Knight Riders,bat,Kolkata Knight Riders,213,8,19.2,Chennai Super Kings,176,4,17.9,Chennai Super Kings,6,wickets,False,1.258,-1.258
338,2013,2013-03-27,"Ekana Cricket Stadium, Lucknow",Royal Challengers Bengaluru,Kolkata Knight Riders,Royal Challengers Bengaluru,field,Royal Challengers Bengaluru,198,6,18.0,Kolkata Knight Riders,125,2,16.4,Kolkata Knight Riders,8,wickets,True,3.351,-3.351
339,2013,2013-03-26,"Sawai Mansingh Stadium, Jaipur",Sunrisers Hyderabad,Punjab Kings,Sunrisers Hyderabad,field,Sunrisers Hyderabad,143,9,18.9,Punjab Kings,127,6,19.2,Punjab Kings,4,wickets,False,0.938,-0.938
340,2013,2013-04-08,"Punjab Cricket Association Stadium, Mohali",Rajasthan Royals,Mumbai Indians,Rajasthan Royals,field,Rajasthan Royals,186,6,19.0,Mumbai Indians,149,6,11.5,Mumbai Indians,4,wickets,False,-3.144,3.144
341,2013,2013-03-22,"Sawai Mansingh Stadium, Jaipur",Royal Challengers Bengaluru,Delhi Capitals,Royal Challengers Bengaluru,bat,Royal Challengers Bengaluru,138,9,18.7,Delhi Capitals,90,5,14.1,Delhi Capitals,5,wickets,False,0.977,-0.977
342,2013,2013-03-18,"Wankhede Stadium, Mumbai",Rajasthan Royals,Mumbai Indians,Mumbai Indians,field,Rajasthan Royals,127,8,19.4,Mumbai Indians,94,8,19.1,Mumbai Indians,2,wickets,True,1.601,-1.601
343,2013,2013-04-06,"M. Chinnaswamy Stadium, Bengaluru",Mumbai Indians,Punjab Kings,Mumbai Indians,bat,Mumbai Indians,144,2,19.3,Punjab Kings,125,8,17.6,Punjab Kings,2,wickets,True,0.356,-0.356
344,2013,2013-04-02,"Arun Jaitley Stadium, Delhi",Rajasthan Royals,Lucknow Super Giants,Lucknow Super Giants,field,Rajasthan Royals,162,8,19.8,Lucknow Super Giants,106,8,19.6,Lucknow Super Giants,2,wickets,True,2.773,-2.773
345,2013,2013-03-19,"Eden Gardens, Kolkata",Mumbai Indians,Royal Challengers Bengaluru,Royal Challengers Bengaluru,bat,Mumbai Indians,137,3,19.9,Royal Challengers Bengaluru,113,2,19.6,Royal Challengers Bengaluru,8,wickets,True,1.115,-1.115
346,2013,2013-04-20,"Eden Gardens, Kolkata",Mumbai Indians,Punjab Kings,Punjab Kings,field,Mumbai Indians,168,3,19.9,Punjab Kings,122,3,12.6,Punjab Kings,7,wickets,True,-1.267,1.267
347,2013,2013-04-10,"Punjab Cricket Association Stadium, Mohali",Rajasthan Royals,Mumbai Indians,Rajasthan Royals,bat,Rajasthan Royals,203,7,18.5,Mumbai Indians,229,3,11.6,Rajasthan Royals,26,runs,True,-8.756,8.756
348,2013,2013-03-27,"M.A. Chidambaram Stadium, Chennai",Rajasthan Royals,Sunrisers Hyderabad,Sunrisers Hyderabad,bat,Rajasthan Royals,150,6,18.3,Sunrisers Hyderabad,173,7,19.4,Rajasthan Royals,23,runs,True,-0.684,0.684
349,2013,2013-03-09,"Wankhede Stadium, Mumbai",Rajasthan Royals,Mumbai Indians,Rajasthan Royals,field,Rajasthan Royals,175,8,19.7,Mumbai Indians,164,1,17.8,Mumbai Indians,9,wickets,True,-0.34,0.34
350,2013,2013-03-06,"Ekana Cricket Stadium, Lucknow",Chennai Super Kings,Delhi Capitals,Chennai Super Kings,bat,Chennai Super Kings,149,8,19.3,Delhi Capitals,85,7,17.1,Delhi Capitals,3,wickets,True,2.763,-2.763
351,2013,2013-04-27,"Arun Jaitley Stadium, Delhi",Mumbai Indians,Kolkata Knight Riders,Mumbai Indians,bat,Mumbai Indians,208,2,18.4,Kolkata Knight Riders,152,3,10.7,Kolkata Knight Riders,7,wickets,False,-2.881,2.881
352,2013,2013-03-06,"Ekana Cricket Stadium, Lucknow",Rajasthan Royals,Kolkata Knight Riders,Rajasthan Royals,field,Rajasthan Royals,223,3,19.4,Kolkata Knight Riders,91,6,16.9,Kolkata Knight Riders,4,wickets,False,6.095,-6.095
353,2013,2013-03-26,"Punjab Cricket Association Stadium, Mohali",Rajasthan Royals,Mumbai Indians,Rajasthan Royals,field,Rajasthan Royals,192,7,19.4,Mumbai Indians,163,9,16.8,Mumbai Indians,1,wickets,False,0.172,-0.172
354,2013,2013-04-03,"Wankhede Stadium, Mumbai",Punjab Kings,Kolkata Knight Riders,Punjab Kings,field,Punjab Kings,188,9,18.5,Kolkata Knight Riders,202,5,11.7,Punjab Kings,14,runs,False,-7.055,7.055
355,2013,2013-03-19,"Narendra Modi Stadium, Ahmedabad",Sunrisers Hyderabad,Gujarat Titans,Sunrisers Hyderabad,bat,Sunrisers Hyderabad,183,4,18.4,Gujarat Titans,171,1,15.5,Gujarat Titans,9,wickets,True,-1.057,1.057
356,2013,2013-04-19,"Arun Jaitley Stadium, Delhi",Kolkata Knight Riders,Punjab Kings,Punjab Kings,bat,Kolkata Knight Riders,182,3,19.9,Punjab Kings,160,7,19.2,Punjab Kings,3,wickets,True,0.841,-0.841
357,2013,2013-04-23,"Sawai Mansingh Stadium, Jaipur",Rajasthan Royals,Lucknow Super Giants,Rajasthan Royals,bat,Rajasthan Royals,145,2,18.2,Lucknow Super Giants,227,1,13.5,Rajasthan Royals,82,runs,True,-8.835,8.835
358,2013,2013-04-24,"M.A. Chidambaram Stadium, Chennai",Gujarat Titans,Delhi Capitals,Delhi Capitals,field,Gujarat Titans,147,4,18.0,Delhi Capitals,202,3,13.3,Gujarat Titans,55,runs,False,-7.026,7.026
359,2013,2013-03-13,"Punjab Cricket Association Stadium, Mohali",Sunrisers Hyderabad,Mumbai Indians,Sunrisers Hyderabad,bat,Sunrisers Hyderabad,206,8,19.4,Mumbai Indians,149,2,16.5,Mumbai Indians,8,wickets,True,1.603,-1.603
360,2013,2013-04-10,"Arun Jaitley Stadium, Delhi",Chennai Super Kings,Royal Challengers Bengaluru,Chennai Super Kings,bat,Chennai Super Kings,176,3,18.3,Royal Challengers Bengaluru,147,9,12.8,Royal Challengers Bengaluru,1,wickets,True,-1.805,1.805
361,2013,2013-04-26,"Arun Jaitley Stadium, Delhi",Delhi Capitals,Gujarat Titans,Gujarat Titans,field,Delhi Capitals,206,4,18.2,Gujarat Titans,212,6,13.5,Delhi Capitals,6,runs,True,-4.456,4.456
362,2013,2013-04-09,"Ekana Cricket Stadium, Lucknow",Rajasthan Royals,Royal Challengers Bengaluru,Royal Challengers Bengaluru,field,Rajasthan Royals,165,4,19.0,Royal Challengers Bengaluru,181,1,18.0,Rajasthan Royals,16,runs,False,-1.339,1.339
363,2013,2013-03-06,"Wankhede Stadium, Mumbai",Delhi Capitals,Royal Challengers Bengaluru,Delhi Capitals,bat,Delhi Capitals,137,7,18.1,Royal Challengers Bengaluru,82,5,13.4,Royal Challengers Bengaluru,5,wickets,False,1.426,-1.426
364,2013,2013-04-24,"Ekana Cricket Stadium, Lucknow",Sunrisers Hyderabad,Gujarat Titans,Sunrisers Hyderabad,bat,Sunrisers Hyderabad,223,9,19.2,Gujarat Titans,105,6,17.1,Gujarat Titans,4,wickets,True,5.48,-5.48
365,2013,2013-03-06,"Arun Jaitley Stadium, Delhi",Rajasthan Royals,Chennai Super Kings,Rajasthan Royals,bat,Rajasthan Royals,224,2,19.3,Chennai Super Kings,151,1,12.8,Chennai Super Kings,9,wickets,False,-0.249,0.249
366,2013,2013-04-15,"Punjab Cricket Association Stadium, Mohali",Punjab Kings,Sunrisers Hyderabad,Punjab Kings,bat,Punjab Kings,124,2,18.9,Sunrisers Hyderabad,149,4,17.2,Punjab Kings,25,runs,True,-2.088,2.088
367,2013,2013-03-08,"Ekana Cricket Stadium, Lucknow",Rajasthan Royals,Royal Challengers Bengaluru,Rajasthan Royals,field,Rajasthan Royals,225,5,19.0,Royal Challengers Bengaluru,99,1,19.4,Royal Challengers Bengaluru,9,wickets,True,6.772,-6.772
368,2013,2013-04-28,"Rajiv Gandhi International Stadium, Hyderabad",Lucknow Super Giants,Sunrisers Hyderabad,Lucknow Super Giants,bat,Lucknow Super Giants,221,2,18.1,Sunrisers Hyderabad,150,6,10.7,Sunrisers Hyderabad,4,wickets,True,-1.755,1.755
369,2013,2013-03-01,"Punjab Cricket Association Stadium, Mohali",Rajasthan Royals,Delhi Capitals,Rajasthan Royals,bat,Rajasthan Royals,173,2,19.5,Delhi Capitals,210,1,10.9,Rajasthan Royals,37,runs,True,-10.462,10.462
370,2013,2013-04-07,"Rajiv Gandhi International Stadium, Hyderabad",Gujarat Titans,Rajasthan Royals,Gujarat Titans,field,Gujarat Titans,180,6,19.7,Rajasthan Royals,219,4,18.5,Gujarat Titans,39,runs,True,-2.706,2.706
371,2013,2013-04-09,"M. Chinnaswamy Stadium, Bengaluru",Lucknow Super Giants,Mumbai Indians,Mumbai Indians,bat,Lucknow Super Giants,128,3,18.7,Mumbai Indians,108,4,15.2,Mumbai Indians,6,wickets,True,-0.251,0.251
372,2013,2013-03-18,"Eden Gardens, Kolkata",Delhi Capitals,Gujarat Titans,Gujarat Titans,field,Delhi Capitals,161,3,18.2,Gujarat Titans,184,5,16.7,Delhi Capitals,23,runs,True,-2.163,2.163
373,2013,2013-04-17,"Eden Gardens, Kolkata",Lucknow Super Giants,Sunrisers Hyderabad,Sunrisers Hyderabad,bat,Lucknow Super Giants,177,2,18.1,Sunrisers Hyderabad,83,3,15.0,Sunrisers Hyderabad,7,wickets,True,4.241,-4.241
374,2013,2013-04-10,"Punjab Cricket Association Stadium, Mohali",Gujarat Titans,Rajasthan Royals,Gujarat Titans,field,Gujarat Titans,214,4,18.7,Rajasthan Royals,121,6,16.0,Rajasthan Royals,4,wickets,True,3.869,-3.869
375,2013,2013-03-15,"Punjab Cricket Association Stadium, Mohali",Punjab Kings,Delhi Capitals,Punjab Kings,bat,Punjab Kings,160,5,19.8,Delhi Capitals,159,1,18.6,Delhi Capitals,9,wickets,False,-0.484,0.484
376,2013,2013-04-17,"Wankhede Stadium, Mumbai",Punjab Kings,Rajasthan Royals,Rajasthan Royals,field,Punjab Kings,177,5,19.9,Rajasthan Royals,84,3,18.7,Rajasthan Royals,7,wickets,True,4.39,-4.39
377,2013,2013-03-29,"Punjab Cricket Association Stadium, Mohali",Rajasthan Royals,Royal Challengers Bengaluru,Royal Challengers Bengaluru,field,Rajasthan Royals,223,9,18.9,Royal Challengers Bengaluru,101,3,11.4,Royal Challengers Bengaluru,7,wickets,True,2.939,-2.939
378,2013,2013-04-25,"Rajiv Gandhi International Stadium, Hyderabad",Mumbai Indians,Delhi Capitals,Delhi Capitals,field,Mumbai Indians,213,2,18.2,Delhi Capitals,91,7,16.5,Delhi Capitals,3,wickets,False,6.168,-6.168
379,2013,2013-04-20,"Ekana Cricket Stadium, Lucknow",Delhi Capitals,Kolkata Knight Riders,Delhi Capitals,field,Delhi Capitals,209,8,19.0,Kolkata Knight Riders,135,3,15.1,Kolkata Knight Riders,7,wickets,False,2.017,-2.017
380,2013,2013-03-25,"Arun Jaitley Stadium, Delhi",Gujarat Titans,Chennai Super Kings,Chennai Super Kings,bat,Gujarat Titans,172,4,18.5,Chennai Super Kings,145,6,17.9,Chennai Super Kings,4,wickets,False,1.2,-1.2
381,2013,2013-04-27,"Eden Gardens, Kolkata",Gujarat Titans,Royal Challengers Bengaluru,Gujarat Titans,field,Gujarat Titans,132,5,18.3,Royal Challengers Bengaluru,132,5,10.9,Royal Challengers Bengaluru,5,wickets,True,-4.941,4.941
382,2013,2013-03-10,"Arun Jaitley Stadium, Delhi",Kolkata Knight Riders,Gujarat Titans,Kolkata Knight Riders,field,Kolkata Knight Riders,219,9,18.5,Gujarat Titans,192,1,15.6,Gujarat Titans,9,wickets,True,-0.452,0.452
383,2013,2013-03-20,"Arun Jaitley Stadium, Delhi",Kolkata Knight Riders,Mumbai Indians,Kolkata Knight Riders,bat,Kolkata Knight Riders,203,3,18.1,Mumbai Indians,212,4,18.8,Kolkata Knight Riders,9,runs,True,-0.055,0.055
384,2013,2013-04-23,"Eden Gardens, Kolkata",Sunrisers Hyderabad,Punjab Kings,Punjab Kings,field,Sunrisers Hyderabad,124,7,19.1,Punjab Kings,175,1,10.4,Sunrisers Hyderabad,51,runs,True,-10.421,10.421
385,2013,2013-04-22,"Ekana Cricket Stadium, Lucknow",Lucknow Super Giants,Royal Challengers Bengaluru,Lucknow Super Giants,bat,Lucknow Super Giants,128,8,18.9,Royal Challengers Bengaluru,150,8,10.1,Lucknow Super Giants,22,runs,False,-8.128,8.128
386,2013,2013-03-12,"Punjab Cricket Association Stadium, Mohali",Sunrisers Hyderabad,Mumbai Indians,Sunrisers Hyderabad,bat,Sunrisers Hyderabad,173,4,19.9,Mumbai Indians,202,4,14.5,Sunrisers Hyderabad,29,runs,True,-5.28,5.28
387,2013,2013-03-25,"Sawai Mansingh Stadium, Jaipur",Kolkata Knight Riders,Delhi Capitals,Delhi Capitals,field,Kolkata Knight Riders,167,9,19.9,Delhi Capitals,124,6,14.4,Delhi Capitals,4,wickets,True,-0.191,0.191
388,2013,2013-04-01,"Punjab Cricket Association Stadium, Mohali",Gujarat Titans,Delhi Capitals,Gujarat Titans,field,Gujarat Titans,144,7,19.5,Delhi Capitals,198,2,15.0,Gujarat Titans,54,runs,True,-5.827,5.827
389,2013,2013-04-13,"Punjab Cricket Association Stadium, Mohali",Gujarat Titans,Lucknow Super Giants,Gujarat Titans,bat,Gujarat Titans,182,8,19.4,Lucknow Super Giants,192,7,13.9,Gujarat Titans,10,runs,True,-4.428,4.428
390,2013,2013-03-09,"Wankhede Stadium, Mumbai",Delhi Capitals,Gujarat Titans,Gujarat Titans,field,Delhi Capitals,226,7,19.1,Gujarat Titans,191,5,18.1,Gujarat Titans,5,wickets,True,1.258,-1.258
391,2013,2013-03-16,"Rajiv Gandhi International Stadium, Hyderabad",Rajasthan Royals,Lucknow Super Giants,Rajasthan Royals,field,Rajasthan Royals,146,9,19.8,Lucknow Super Giants,213,7,16.1,Rajasthan Royals,67,runs,False,-5.875,5.875
392,2013,2013-04-05,"Arun Jaitley Stadium, Delhi",Sunrisers Hyderabad,Lucknow Super Giants,Lucknow Super Giants,field,Sunrisers Hyderabad,212,2,18.8,Lucknow Super Giants,199,5,14.3,Lucknow Super Giants,5,wickets,False,-2.594,2.594
393,2013,2013-04-07,"Sawai Mansingh Stadium, Jaipur",Kolkata Knight Riders,Gujarat Titans,Kolkata Knight Riders,bat,Kolkata Knight Riders,227,2,18.9,Gujarat Titans,80,2,17.1,Gujarat Titans,8,wickets,True,7.289,-7.289
394,2013,2013-04-14,"M.A. Chidambaram Stadium, Chennai",Punjab Kings,Delhi Capitals,Punjab Kings,bat,Punjab Kings,157,9,19.1,Delhi Capitals,161,8,12.3,Punjab Kings,4,runs,True,-4.915,4.915
395,2013,2013-03-09,"Ekana Cricket Stadium, Lucknow",Kolkata Knight Riders,Rajasthan Royals,Kolkata Knight Riders,bat,Kolkata Knight Riders,146,8,19.7,Rajasthan Royals,177,5,13.4,Kolkata Knight Riders,31,runs,True,-5.768,5.768
396,2013,2013-04-06,"Sawai Mansingh Stadium, Jaipur",Mumbai Indians,Sunrisers Hyderabad,Sunrisers Hyderabad,field,Mumbai Indians,176,6,19.0,Sunrisers Hyderabad,158,7,15.0,Sunrisers Hyderabad,3,wickets,True,-1.257,1.257
397,2013,2013-03-09,"Narendra Modi Stadium, Ahmedabad",Lucknow Super Giants,Royal Challengers Bengaluru,Royal Challengers Bengaluru,field,Lucknow Super Giants,121,5,19.7,Royal Challengers Bengaluru,113,3,17.6,Royal Challengers Bengaluru,7,wickets,False,-0.263,0.263
398,2013,2013-04-23,"Eden Gardens, Kolkata",Rajasthan Royals,Gujarat Titans,Gujarat Titans,bat,Rajasthan Royals,135,8,18.5,Gujarat Titans,189,7,10.7,Rajasthan Royals,54,runs,True,-10.31,10.31
399,2013,2013-03-24,"Rajiv Gandhi International Stadium, Hyderabad",Delhi Capitals,Rajasthan Royals,Delhi Capitals,field,Delhi Capitals,218,8,18.8,Rajasthan Royals,97,5,17.8,Rajasthan Royals,5,wickets,False,6.156,-6.156
400,2013,2013-03-13,"Narendra Modi Stadium, Ahmedabad",Kolkata Knight Riders,Mumbai Indians,Kolkata Knight Riders,bat,Kolkata Knight Riders,148,2,20.0,Mumbai Indians,165,8,18.8,Kolkata Knight Riders,17,runs,True,-1.362,1.362
401,2014,2014-04-06,"M.A. Chidambaram Stadium, Chennai",Royal Challengers Bengaluru,Punjab Kings,Royal Challengers Bengaluru,field,Royal Challengers Bengaluru,228,3,19.9,Punjab Kings,195,1,11.4,Punjab Kings,9,wickets,False,-5.583,5.583
402,2014,2014-03-05,"Punjab Cricket Association Stadium, Mohali",Lucknow Super Giants,Royal Challengers Bengaluru,Lucknow Super Giants,bat,Lucknow Super Giants,176,6,19.8,Royal Challengers Bengaluru,217,6,16.9,Lucknow Super Giants,41,runs,True,-3.908,3.908
403,2014,2014-04-26,"Ekana Cricket Stadium, Lucknow",Kolkata Knight Riders,Sunrisers Hyderabad,Sunrisers Hyderabad,field,Kolkata Knight Riders,146,4,18.9,Sunrisers Hyderabad,102,8,16.7,Sunrisers Hyderabad,2,wickets,True,1.611,-1.611
404,2014,2014-03-02,"Punjab Cricket Association Stadium, Mohali",Chennai Super Kings,Punjab Kings,Chennai Super Kings,bat,Chennai Super Kings,142,2,19.9,Punjab Kings,157,6,14.2,Chennai Super Kings,15,runs,True,-3.965,3.965
405,2014,2014-03-02,"M. Chinnaswamy Stadium, Bengaluru",Gujarat Titans,Delhi Capitals,Gujarat Titans,field,Gujarat Titans,175,6,18.6,Delhi Capitals,187,1,18.2,Gujarat Titans,12,runs,False,-0.866,0.866
406,2014,2014-04-06,"Eden Gardens, Kolkata",Sunrisers Hyderabad,Punjab Kings,Sunrisers Hyderabad,bat,Sunrisers Hyderabad,149,3,19.7,Punjab Kings,194,3,12.1,Sunrisers Hyderabad,45,runs,True,-8.474,8.474
407,2014,2014-03-26,"Wankhede Stadium, Mumbai",Punjab Kings,Kolkata Knight Riders,Kolkata Knight Riders,bat,Punjab Kings,217,5,19.8,Kolkata Knight Riders,160,1,12.1,Kolkata Knight Riders,9,wickets,True,-2.212,2.212
408,2014,2014-04-18,"M. Chinnaswamy Stadium, Bengaluru",Punjab Kings,Royal Challengers Bengaluru,Punjab Kings,bat,Punjab Kings,157,3,18.3,Royal Challengers Bengaluru,225,4,15.8,Punjab Kings,68,runs,True,-5.679,5.679
409,2014,2014-03-22,"Eden Gardens, Kolkata",Royal Challengers Bengaluru,Punjab Kings,Punjab Kings,field,Royal Challengers Bengaluru,206,9,18.6,Punjab Kings,218,6,12.8,Royal Challengers Bengaluru,12,runs,False,-6.007,6.007
410,2014,2014-03-12,"Sawai Mansingh Stadium, Jaipur",Mumbai Indians,Chennai Super Kings,Chennai Super Kings,bat,Mumbai Indians,129,3,18.2,Chennai Super Kings,169,4,19.5,Mumbai Indians,40,runs,True,-1.564,1.564
411,2014,2014-03-01,"Punjab Cricket Association Stadium, Mohali",Mumbai Indians,Punjab Kings,Punjab Kings,bat,Mumbai Indians,206,6,19.5,Punjab Kings,228,4,13.0,Mumbai Indians,22,runs,False,-6.984,6.984
412,2014,2014-03-20,"Narendra Modi Stadium, Ahmedabad",Mumbai Indians,Rajasthan Royals,Mumbai Indians,bat,Mumbai Indians,166,6,19.4,Rajasthan Royals,160,1,11.5,Rajasthan Royals,9,wickets,True,-5.305,5.305
413,2014,2014-03-22,"Rajiv Gandhi International Stadium, Hyderabad",Sunrisers Hyderabad,Rajasthan Royals,Rajasthan Royals,field,Sunrisers Hyderabad,140,8,20.0,Rajasthan Royals,166,7,18.5,Sunrisers Hyderabad,26,runs,True,-1.957,1.957
414,2014,2014-04-24,"Ekana Cricket Stadium, Lucknow",Kolkata Knight Riders,Gujarat Titans,Gujarat Titans,bat,Kolkata Knight Riders,138,7,19.0,Gujarat Titans,181,8,14.3,Kolkata Knight Riders,43,runs,True,-5.394,5.394
415,2014,2014-04-05,"M. Chinnaswamy Stadium, Bengaluru",Sunrisers Hyderabad,Lucknow Super Giants,Lucknow Super Giants,field,Sunrisers Hyderabad,131,8,19.9,Lucknow Super Giants,111,9,15.7,Lucknow Super Giants,1,wickets,True,-0.462,0.462
416,2014,2014-04-15,"M. Chinnaswamy Stadium, Bengaluru",Lucknow Super Giants,Punjab Kings,Lucknow Super Giants,field,Lucknow Super Giants,225,8,18.9,Punjab Kings,176,2,11.9,Punjab Kings,8,wickets,True,-2.887,2.887
417,2014,2014-04-14,"Rajiv Gandhi International Stadium, Hyderabad",Lucknow Super Giants,Mumbai Indians,Lucknow Super Giants,bat,Lucknow Super Giants,214,9,18.6,Mumbai Indians,166,2,10.8,Mumbai Indians,8,wickets,True,-3.808,3.808
418,2014,2014-03-10,"Sawai Mansingh Stadium, Jaipur",Chennai Super Kings,Sunrisers Hyderabad,Chennai Super Kings,bat,Chennai Super Kings,172,4,18.6,Sunrisers Hyderabad,81,9,11.7,Sunrisers Hyderabad,1,wickets,True,2.317,-2.317
419,2014,2014-04-28,"M. Chinnaswamy Stadium, Bengaluru",Mumbai Indians,Kolkata Knight Riders,Kolkata Knight Riders,bat,Mumbai Indians,166,8,19.0,Kolkata Knight Riders,113,4,16.6,Kolkata Knight Riders,6,wickets,True,1.926,-1.926
420,2014,2014-03-28,"Punjab Cricket Association Stadium, Mohali",Lucknow Super Giants,Kolkata Knight Riders,Kolkata Knight Riders,field,Lucknow Super Giants,171,8,19.0,Kolkata Knight Riders,154,7,10.8,Kolkata Knight Riders,3,wickets,True,-5.274,5.274
421,2014,2014-04-11,"Narendra Modi Stadium, Ahmedabad",Mumbai Indians,Delhi Capitals,Mumbai Indians,field,Mumbai Indians,166,3,19.0,Delhi Capitals,183,9,19.6,Mumbai Indians,17,runs,False,-0.622,0.622
422,2014,2014-03-23,"M. Chinnaswamy Stadium, Bengaluru",Punjab Kings,Delhi Capitals,Delhi Capitals,bat,Punjab Kings,121,2,18.3,Delhi Capitals,95,6,16.5,Delhi Capitals,4,wickets,True,0.863,-0.863
423,2014,2014-03-20,"M. Chinnaswamy Stadium, Bengaluru",Rajasthan Royals,Delhi Capitals,Rajasthan Royals,bat,Rajasthan Royals,150,3,18.6,Delhi Capitals,155,2,10.2,Rajasthan Royals,5,runs,False,-7.14,7.14
424,2014,2014-03-12,"Ekana Cricket Stadium, Lucknow",Sunrisers Hyderabad,Punjab Kings,Sunrisers Hyderabad,field,Sunrisers Hyderabad,223,6,18.3,Punjab Kings,211,6,10.6,Punjab Kings,4,wickets,True,-7.673,7.673
425,2014,2014-04-21,"M. Chinnaswamy Stadium, Bengaluru",Rajasthan Royals,Gujarat Titans,Rajasthan Royals,field,Rajasthan Royals,208,8,19.5,Gujarat Titans,142,6,15.4,Gujarat Titans,4,wickets,False,1.416,-1.416
426,2014,2014-04-14,"M. Chinnaswamy Stadium, Bengaluru",Delhi Capitals,Kolkata Knight Riders,Delhi Capitals,bat,Delhi Capitals,208,9,19.2,Kolkata Knight Riders,172,5,16.2,Kolkata Knight Riders,5,wickets,True,0.195,-0.195
427,2014,2014-04-19,"Sawai Mansingh Stadium, Jaipur",Lucknow Super Giants,Royal Challengers Bengaluru,Royal Challengers Bengaluru,field,Lucknow Super Giants,228,2,19.6,Royal Challengers Bengaluru,145,3,16.8,Royal Challengers Bengaluru,7,wickets,True,3.021,-3.021
428,2014,2014-04-09,"Ekana Cricket Stadium, Lucknow",Punjab Kings,Mumbai Indians,Mumbai Indians,field,Punjab Kings,161,7,19.4,Mumbai Indians,157,3,12.8,Mumbai Indians,7,wickets,True,-3.94,3.94
429,2014,2014-03-14,"Eden Gardens, Kolkata",Gujarat Titans,Kolkata Knight Riders,Gujarat Titans,field,Gujarat Titans,148,3,19.6,Kolkata Knight Riders,101,4,17.1,Kolkata Knight Riders,6,wickets,False,1.628,-1.628
430,2014,2014-04-14,"Punjab Cricket Association Stadium, Mohali",Sunrisers Hyderabad,Mumbai Indians,Sunrisers Hyderabad,bat,Sunrisers Hyderabad,144,9,18.6,Mumbai Indians,121,6,12.6,Mumbai Indians,4,wickets,True,-1.901,1.901
431,2014,2014-03-01,"M. Chinnaswamy Stadium, Bengaluru",Chennai Super Kings,Kolkata Knight Riders,Chennai Super Kings,bat,Chennai Super Kings,209,2,20.0,Kolkata Knight Riders,176,4,10.0,Kolkata Knight Riders,6,wickets,True,-7.115,7.115
432,2014,2014-03-25,"Rajiv Gandhi International Stadium, Hyderabad",Rajasthan Royals,Sunrisers Hyderabad,Sunrisers Hyderabad,field,Rajasthan Royals,171,7,18.9,Sunrisers Hyderabad,122,9,10.4,Sunrisers Hyderabad,1,wickets,True,-2.704,2.704
433,2014,2014-04-10,"M. Chinnaswamy Stadium, Bengaluru",Lucknow Super Giants,Sunrisers Hyderabad,Sunrisers Hyderabad,bat,Lucknow Super Giants,212,7,19.0,Sunrisers Hyderabad,186,5,19.2,Sunrisers Hyderabad,5,wickets,True,1.475,-1.475
434,2014,2014-04-20,"M.A. Chidambaram Stadium, Chennai",Mumbai Indians,Rajasthan Royals,Rajasthan Royals,bat,Mumbai Indians,167,3,19.6,Rajasthan Royals,193,7,15.3,Mumbai Indians,26,runs,True,-4.1,4.1
435,2014,2014-04-12,"Narendra Modi Stadium, Ahmedabad",Gujarat Titans,Mumbai Indians,Mumbai Indians,field,Gujarat Titans,196,8,19.0,Mumbai Indians,84,5,18.7,Mumbai Indians,5,wickets,True,5.801,-5.801
436,2014,2014-03-27,"Arun Jaitley Stadium, Delhi",Kolkata Knight Riders,Chennai Super Kings,Chennai Super Kings,field,Kolkata Knight Riders,162,7,18.9,Chennai Super Kings,153,2,18.7,Chennai Super Kings,8,wickets,True,0.393,-0.393
437,2014,2014-03-15,"Arun Jaitley Stadium, Delhi",Royal Challengers Bengaluru,Mumbai Indians,Royal Challengers Bengaluru,field,Royal Challengers Bengaluru,202,8,18.3,Mumbai Indians,94,9,15.3,Mumbai Indians,1,wickets,True,4.914,-4.914
438,2014,2014-04-06,"Sawai Mansingh Stadium, Jaipur",Punjab Kings,Mumbai Indians,Punjab Kings,bat,Punjab Kings,169,4,19.3,Mumbai Indians,140,5,10.9,Mumbai Indians,5,wickets,False,-4.049,4.049
439,2014,2014-03-13,"Punjab Cricket Association Stadium, Mohali",Chennai Super Kings,Sunrisers Hyderabad,Sunrisers Hyderabad,bat,Chennai Super Kings,143,9,18.4,Sunrisers Hyderabad,191,1,18.8,Chennai Super Kings,48,runs,False,-2.419,2.419
440,2014,2014-03-12,"Ekana Cricket Stadium, Lucknow",Kolkata Knight Riders,Lucknow Super Giants,Lucknow Super Giants,field,Kolkata Knight Riders,132,2,19.2,Lucknow Super Giants,110,9,19.5,Lucknow Super Giants,1,wickets,False,1.23,-1.23
441,2014,2014-03-13,"M.A. Chidambaram Stadium, Chennai",Kolkata Knight Riders,Lucknow Super Giants,Kolkata Knight Riders,field,Kolkata Knight Riders,228,4,18.7,Lucknow Super Giants,130,1,15.0,Lucknow Super Giants,9,wickets,False,3.521,-3.521
442,2014,2014-04-05,"Ekana Cricket Stadium, Lucknow",Mumbai Indians,Chennai Super Kings,Chennai Super Kings,bat,Mumbai Indians,229,6,18.4,Chennai Super Kings,166,1,12.0,Chennai Super Kings,9,wickets,False,-1.357,1.357
443,2014,2014-03-07,"Punjab Cricket Association Stadium, Mohali",Punjab Kings,Rajasthan Royals,Punjab Kings,bat,Punjab Kings,185,5,19.2,Rajasthan Royals,111,3,13.7,Rajasthan Royals,7,wickets,False,1.564,-1.564
444,2014,2014-03-01,"Ekana Cricket Stadium, Lucknow",Rajasthan Royals,Chennai Super Kings,Rajasthan Royals,field,Rajasthan Royals,216,9,18.8,Chennai Super Kings,187,1,13.2,Chennai Super Kings,9,wickets,False,-2.667,2.667
445,2014,2014-03-16,"Sawai Mansingh Stadium, Jaipur",Punjab Kings,Mumbai Indians,Mumbai Indians,bat,Punjab Kings,134,3,19.4,Mumbai Indians,120,4,18.5,Mumbai Indians,6,wickets,False,0.416,-0.416
446,2014,2014-04-02,"Sawai Mansingh Stadium, Jaipur",Chennai Super Kings,Delhi Capitals,Delhi Capitals,bat,Chennai Super Kings,164,3,19.2,Delhi Capitals,122,3,11.7,Delhi Capitals,7,wickets,True,-1.875,1.875
447,2014,2014-03-10,"Arun Jaitley Stadium, Delhi",Delhi Capitals,Kolkata Knight Riders,Kolkata Knight Riders,bat,Delhi Capitals,209,5,18.2,Kolkata Knight Riders,128,7,12.2,Kolkata Knight Riders,3,wickets,False,1.022,-1.022
448,2014,2014-03-11,"Rajiv Gandhi International Stadium, Hyderabad",Kolkata Knight Riders,Lucknow Super Giants,Kolkata Knight Riders,field,Kolkata Knight Riders,167,7,19.3,Lucknow Super Giants,170,5,19.1,Kolkata Knight Riders,3,runs,True,-0.282,0.282
449,2014,2014-04-13,"Arun Jaitley Stadium, Delhi",Lucknow Super Giants,Punjab Kings,Punjab Kings,bat,Lucknow Super Giants,126,5,18.6,Punjab Kings,203,8,13.8,Lucknow Super Giants,77,runs,True,-7.958,7.958
450,2014,2014-03-21,"M.A. Chidambaram Stadium, Chennai",Rajasthan Royals,Sunrisers Hyderabad,Sunrisers Hyderabad,field,Rajasthan Royals,202,5,18.5,Sunrisers Hyderabad,179,3,12.7,Sunrisers Hyderabad,7,wickets,True,-3.242,3.242
451,2014,2014-03-12,"Punjab Cricket Association Stadium, Mohali",Lucknow Super Giants,Kolkata Knight Riders,Lucknow Super Giants,field,Lucknow Super Giants,173,5,19.7,Kolkata Knight Riders,127,8,12.9,Kolkata Knight Riders,2,wickets,True,-1.021,1.021
452,2014,2014-04-21,"Ekana Cricket Stadium, Lucknow",Gujarat Titans,Kolkata Knight Riders,Kolkata Knight Riders,field,Gujarat Titans,202,3,19.2,Kolkata Knight Riders,111,2,17.9,Kolkata Knight Riders,8,wickets,False,4.332,-4.332
453,2014,2014-03-19,"M.A. Chidambaram Stadium, Chennai",Sunrisers Hyderabad,Lucknow Super Giants,Lucknow Super Giants,bat,Sunrisers Hyderabad,164,7,18.8,Lucknow Super Giants,229,2,10.3,Sunrisers Hyderabad,65,runs,True,-13.548,13.548
454,2014,2014-04-27,"M.A. Chidambaram Stadium, Chennai",Delhi Capitals,Kolkata Knight Riders,Kolkata Knight Riders,bat,Delhi Capitals,138,4,18.5,Kolkata Knight Riders,124,7,13.1,Kolkata Knight Riders,3,wickets,True,-2.028,2.028
455,2014,2014-03-07,"Punjab Cricket Association Stadium, Mohali",Delhi Capitals,Royal Challengers Bengaluru,Delhi Capitals,bat,Delhi Capitals,193,3,18.2,Royal Challengers Bengaluru,191,7,18.4,Royal Challengers Bengaluru,3,wickets,False,0.2,-0.2
456,2014,2014-03-09,"Arun Jaitley Stadium, Delhi",Kolkata Knight Riders,Chennai Super Kings,Kolkata Knight Riders,field,Kolkata Knight Riders,156,7,19.8,Chennai Super Kings,145,3,16.6,Chennai Super Kings,7,wickets,True,-0.867,0.867
457,2014,2014-04-23,"Wankhede Stadium, Mumbai",Royal Challengers Bengaluru,Lucknow Super Giants,Lucknow Super Giants,field,Royal Challengers Bengaluru,125,7,19.8,Lucknow Super Giants,153,5,13.2,Royal Challengers Bengaluru,28,runs,True,-5.273,5.273
458,2014,2014-04-24,"Rajiv Gandhi International Stadium, Hyderabad",Lucknow Super Giants,Delhi Capitals,Lucknow Super Giants,bat,Lucknow Super Giants,215,6,19.7,Delhi Capitals,224,3,14.8,Lucknow Super Giants,9,runs,True,-4.202,4.202
459,2014,2014-04-22,"Eden Gardens, Kolkata",Gujarat Titans,Delhi Capitals,Gujarat Titans,field,Gujarat Titans,187,3,19.0,Delhi Capitals,200,5,18.0,Gujarat Titans,13,runs,True,-1.298,1.298
460,2014,2014-03-24,"Sawai Mansingh Stadium, Jaipur",Punjab Kings,Sunrisers Hyderabad,Punjab Kings,field,Punjab Kings,135,6,18.0,Sunrisers Hyderabad,98,5,18.6,Sunrisers Hyderabad,5,wickets,True,2.203,-2.203
461,2014,2014-04-13,"Arun Jaitley Stadium, Delhi",Kolkata Knight Riders,Delhi Capitals,Delhi Capitals,bat,Kolkata Knight Riders,125,5,18.9,Delhi Capitals,143,3,10.3,Kolkata Knight Riders,18,runs,True,-7.27,7.27
462,2014,2014-03-03,"M. Chinnaswamy Stadium, Bengaluru",Mumbai Indians,Rajasthan Royals,Mumbai Indians,field,Mumbai Indians,156,5,18.9,Rajasthan Royals,187,6,10.1,Mumbai Indians,31,runs,True,-10.349,10.349
463,2014,2014-04-01,"M. Chinnaswamy Stadium, Bengaluru",Rajasthan Royals,Punjab Kings,Punjab Kings,field,Rajasthan Royals,190,4,19.7,Punjab Kings,127,4,16.4,Punjab Kings,6,wickets,False,1.885,-1.885
464,2014,2014-03-17,"Arun Jaitley Stadium, Delhi",Rajasthan Royals,Gujarat Titans,Gujarat Titans,bat,Rajasthan Royals,217,9,19.4,Gujarat Titans,125,9,13.0,Gujarat Titans,1,wickets,True,1.526,-1.526
465,2014,2014-03-27,"Ekana Cricket Stadium, Lucknow",Kolkata Knight Riders,Punjab Kings,Punjab Kings,field,Kolkata Knight Riders,194,9,19.5,Punjab Kings,195,2,17.0,Kolkata Knight Riders,1,runs,True,-1.501,1.501
466,2014,2014-04-25,"M.A. Chidambaram Stadium, Chennai",Gujarat Titans,Lucknow Super Giants,Lucknow Super Giants,bat,Gujarat Titans,138,2,19.0,Lucknow Super Giants,115,1,17.2,Lucknow Super Giants,9,wickets,True,0.597,-0.597
467,2014,2014-04-04,"Arun Jaitley Stadium, Delhi",Gujarat Titans,Royal Challengers Bengaluru,Royal Challengers Bengaluru,bat,Gujarat Titans,130,9,18.4,Royal Challengers Bengaluru,214,1,12.1,Gujarat Titans,84,runs,True,-10.674,10.674
468,2015,2015-03-11,"Rajiv Gandhi International Stadium, Hyderabad",Punjab Kings,Mumbai Indians,Mumbai Indians,field,Punjab Kings,145,3,18.1,Mumbai Indians,160,5,12.0,Punjab Kings,15,runs,True,-5.305,5.305
469,2015,2015-03-06,"M.A. Chidambaram Stadium, Chennai",Rajasthan Royals,Mumbai Indians,Mumbai Indians,field,Rajasthan Royals,129,3,19.4,Mumbai Indians,130,1,19.8,Rajasthan Royals,1,runs,True,0.085,-0.085
470,2015,2015-03-08,"Eden Gardens, Kolkata",Royal Challengers Bengaluru,Mumbai Indians,Royal Challengers Bengaluru,bat,Royal Challengers Bengaluru,210,3,19.7,Mumbai Indians,186,6,11.8,Mumbai Indians,4,wickets,True,-5.175,5.175
471,2015,2015-03-16,"Wankhede Stadium, Mumbai",Punjab Kings,Lucknow Super Giants,Punjab Kings,field,Punjab Kings,163,8,18.1,Lucknow Super Giants,163,2,13.8,Lucknow Super Giants,8,wickets,True,-2.786,2.786
472,2015,2015-03-01,"Rajiv Gandhi International Stadium, Hyderabad",Delhi Capitals,Punjab Kings,Punjab Kings,field,Delhi Capitals,134,5,19.0,Punjab Kings,159,7,12.6,Delhi Capitals,25,runs,True,-5.54,5.54
473,2015,2015-04-01,"Narendra Modi Stadium, Ahmedabad",Gujarat Titans,Chennai Super Kings,Gujarat Titans,bat,Gujarat Titans,150,3,18.4,Chennai Super Kings,148,5,18.5,Chennai Super Kings,5,wickets,False,0.147,-0.147
474,2015,2015-04-15,"Ekana Cricket Stadium, Lucknow",Delhi Capitals,Rajasthan Royals,Rajasthan Royals,bat,Delhi Capitals,183,9,19.8,Rajasthan Royals,145,3,18.2,Rajasthan Royals,7,wickets,True,1.274,-1.274
475,2015,2015-03-07,"Narendra Modi Stadium, Ahmedabad",Rajasthan Royals,Royal Challengers Bengaluru,Royal Challengers Bengaluru,field,Rajasthan Royals,123,8,20.0,Royal Challengers Bengaluru,150,5,18.1,Rajasthan Royals,27,runs,True,-2.15,2.15
476,2015,2015-04-04,"Sawai Mansingh Stadium, Jaipur",Sunrisers Hyderabad,Mumbai Indians,Mumbai Indians,field,Sunrisers Hyderabad,218,4,19.4,Mumbai Indians,225,1,13.6,Sunrisers Hyderabad,7,runs,True,-5.364,5.364
477,2015,2015-03-03,"M.A. Chidambaram Stadium, Chennai",Mumbai Indians,Gujarat Titans,Gujarat Titans,field,Mumbai Indians,229,3,20.0,Gujarat Titans,215,6,10.8,Gujarat Titans,4,wickets,False,-8.371,8.371
478,2015,2015-03-21,"Narendra Modi Stadium, Ahmedabad",Punjab Kings,Delhi Capitals,Punjab Kings,bat,Punjab Kings,142,5,19.2,Delhi Capitals,229,5,16.9,Punjab Kings,87,runs,True,-6.162,6.162
479,2015,2015-03-16,"Eden Gardens, Kolkata",Lucknow Super Giants,Chennai Super Kings,Chennai Super Kings,bat,Lucknow Super Giants,142,3,19.1,Chennai Super Kings,106,4,19.4,Chennai Super Kings,6,wickets,True,1.968,-1.968
480,2015,2015-04-12,"M. Chinnaswamy Stadium, Bengaluru",Lucknow Super Giants,Sunrisers Hyderabad,Sunrisers Hyderabad,field,Lucknow Super Giants,150,2,19.2,Sunrisers Hyderabad,146,9,17.9,Sunrisers Hyderabad,1,wickets,True,-0.37,0.37
481,2015,2015-03-25,"Arun Jaitley Stadium, Delhi",Delhi Capitals,Gujarat Titans,Delhi Capitals,field,Delhi Capitals,194,2,18.4,Gujarat Titans,213,5,10.6,Delhi Capitals,19,runs,True,-9.575,9.575
482,2015,2015-04-01,"M.A. Chidambaram Stadium, Chennai",Royal Challengers Bengaluru,Lucknow Super Giants,Lucknow Super Giants,field,Royal Challengers Bengaluru,155,2,18.9,Lucknow Super Giants,84,8,10.7,Lucknow Super Giants,2,wickets,False,0.332,-0.332
483,2015,2015-04-23,"Narendra Modi Stadium, Ahmedabad",Sunrisers Hyderabad,Delhi Capitals,Delhi Capitals,bat,Sunrisers Hyderabad,121,2,19.1,Delhi Capitals,92,3,17.3,Delhi Capitals,7,wickets,True,1.006,-1.006
484,2015,2015-03-21,"Arun Jaitley Stadium, Delhi",Rajasthan Royals,Gujarat Titans,Rajasthan Royals,field,Rajasthan Royals,181,3,18.1,Gujarat Titans,184,6,10.5,Rajasthan Royals,3,runs,True,-7.512,7.512
485,2015,2015-04-22,"Eden Gardens, Kolkata",Sunrisers Hyderabad,Lucknow Super Giants,Lucknow Super Giants,bat,Sunrisers Hyderabad,188,7,18.5,Lucknow Super Giants,193,5,16.6,Sunrisers Hyderabad,5,runs,True,-1.46,1.46
486,2015,2015-03-05,"Sawai Mansingh Stadium, Jaipur",Chennai Super Kings,Delhi Capitals,Delhi Capitals,field,Chennai Super Kings,168,3,18.9,Delhi Capitals,85,3,11.2,Delhi Capitals,7,wickets,True,1.309,-1.309
487,2015,2015-03-07,"M.A. Chidambaram Stadium, Chennai",Delhi Capitals,Gujarat Titans,Delhi Capitals,field,Delhi Capitals,200,3,19.8,Gujarat Titans,113,1,15.2,Gujarat Titans,9,wickets,True,2.68,-2.68
488,2015,2015-03-23,"Narendra Modi Stadium, Ahmedabad",Rajasthan Royals,Chennai Super Kings,Chennai Super Kings,field,Rajasthan Royals,175,4,18.3,Chennai Super Kings,203,7,15.8,Rajasthan Royals,28,runs,False,-3.273,3.273
489,2015,2015-04-24,"Punjab Cricket Association Stadium, Mohali",Delhi Capitals,Royal Challengers Bengaluru,Delhi Capitals,bat,Delhi Capitals,180,5,18.4,Royal Challengers Bengaluru,146,7,11.6,Royal Challengers Bengaluru,3,wickets,True,-2.815,2.815
490,2015,2015-04-05,"Wankhede Stadium, Mumbai",Sunrisers Hyderabad,Lucknow Super Giants,Lucknow Super Giants,bat,Sunrisers Hyderabad,205,5,19.2,Lucknow Super Giants,162,9,13.8,Lucknow Super Giants,1,wickets,True,-1.095,1.095
491,2015,2015-03-01,"Wankhede Stadium, Mumbai",Rajasthan Royals,Kolkata Knight Riders,Kolkata Knight Riders,field,Rajasthan Royals,144,3,18.5,Kolkata Knight Riders,221,7,15.3,Rajasthan Royals,77,runs,False,-6.622,6.622
492,2015,2015-04-05,"Eden Gardens, Kolkata",Delhi Capitals,Punjab Kings,Punjab Kings,bat,Delhi Capitals,176,6,18.5,Punjab Kings,133,6,13.8,Punjab Kings,4,wickets,False,-0.107,0.107
493,2015,2015-04-25,"Wankhede Stadium, Mumbai",Royal Challengers Bengaluru,Chennai Super Kings,Chennai Super Kings,bat,Royal Challengers Bengaluru,208,9,19.7,Chennai Super Kings,95,4,15.8,Chennai Super Kings,6,wickets,True,4.55,-4.55
494,2015,2015-04-14,"M. Chinnaswamy Stadium, Bengaluru",Royal Challengers Bengaluru,Kolkata Knight Riders,Royal Challengers Bengaluru,bat,Royal Challengers Bengaluru,170,2,18.6,Kolkata Knight Riders,103,8,19.1,Kolkata Knight Riders,2,wickets,False,3.738,-3.738
495,2015,2015-03-16,"Sawai Mansingh Stadium, Jaipur",Kolkata Knight Riders,Punjab Kings,Kolkata Knight Riders,field,Kolkata Knight Riders,200,2,19.7,Punjab Kings,165,9,16.5,Punjab Kings,1,wickets,True,0.181,-0.181
496,2015,2015-03-29,"M.A. Chidambaram Stadium, Chennai",Royal Challengers Bengaluru,Kolkata Knight Riders,Kolkata Knight Riders,field,Royal Challengers Bengaluru,153,2,19.6,Kolkata Knight Riders,189,4,14.1,Royal Challengers Bengaluru,36,runs,True,-5.573,5.573
497,2015,2015-03-19,"M.A. Chidambaram Stadium, Chennai",Delhi Capitals,Chennai Super Kings,Chennai Super Kings,bat,Delhi Capitals,159,7,20.0,Chennai Super Kings,214,3,19.1,Delhi Capitals,55,runs,False,-3.274,3.274
498,2015,2015-04-19,"Sawai Mansingh Stadium, Jaipur",Mumbai Indians,Lucknow Super Giants,Mumbai Indians,field,Mumbai Indians,160,6,18.5,Lucknow Super Giants,176,8,19.7,Mumbai Indians,16,runs,True,-0.273,0.273
499,2015,2015-04-16,"M. Chinnaswamy Stadium, Bengaluru",Sunrisers Hyderabad,Lucknow Super Giants,Sunrisers Hyderabad,field,Sunrisers Hyderabad,187,4,19.6,Lucknow Super Giants,106,2,12.9,Lucknow Super Giants,8,wickets,True,1.337,-1.337
500,2015,2015-03-23,"Ekana Cricket Stadium, Lucknow",Gujarat Titans,Sunrisers Hyderabad,Sunrisers Hyderabad,bat,Gujarat Titans,120,4,18.7,Sunrisers Hyderabad,229,5,14.9,Gujarat Titans,109,runs,True,-8.917,8.917
501,2015,2015-03-22,"Sawai Mansingh Stadium, Jaipur",Rajasthan Royals,Mumbai Indians,Mumbai Indians,field,Rajasthan Royals,206,5,18.3,Mumbai Indians,148,4,14.1,Mumbai Indians,6,wickets,False,0.797,-0.797
502,2015,2015-04-09,"Arun Jaitley Stadium, Delhi",Chennai Super Kings,Kolkata Knight Riders,Kolkata Knight Riders,field,Chennai Super Kings,214,9,18.2,Kolkata Knight Riders,168,2,13.0,Kolkata Knight Riders,8,wickets,True,-1.19,1.19
503,2015,2015-03-22,"M. Chinnaswamy Stadium, Bengaluru",Delhi Capitals,Sunrisers Hyderabad,Sunrisers Hyderabad,bat,Delhi Capitals,179,5,19.5,Sunrisers Hyderabad,219,8,17.3,Delhi Capitals,40,runs,True,-3.477,3.477
504,2015,2015-03-03,"M. Chinnaswamy Stadium, Bengaluru",Gujarat Titans,Punjab Kings,Punjab Kings,field,Gujarat Titans,194,8,18.6,Punjab Kings,171,6,14.8,Punjab Kings,4,wickets,True,-1.132,1.132
505,2015,2015-03-11,"Narendra Modi Stadium, Ahmedabad",Punjab Kings,Mumbai Indians,Mumbai Indians,bat,Punjab Kings,131,4,18.1,Mumbai Indians,108,1,19.9,Mumbai Indians,9,wickets,True,1.811,-1.811
506,2015,2015-03-20,"Ekana Cricket Stadium, Lucknow",Rajasthan Royals,Royal Challengers Bengaluru,Rajasthan Royals,bat,Rajasthan Royals,133,7,18.6,Royal Challengers Bengaluru,112,1,16.8,Royal Challengers Bengaluru,9,wickets,False,0.509,-0.509
507,2015,2015-03-08,"Rajiv Gandhi International Stadium, Hyderabad",Royal Challengers Bengaluru,Kolkata Knight Riders,Kolkata Knight Riders,field,Royal Challengers Bengaluru,177,7,18.0,Kolkata Knight Riders,135,7,19.9,Kolkata Knight Riders,3,wickets,False,3.023,-3.023
508,2015,2015-03-26,"M.A. Chidambaram Stadium, Chennai",Gujarat Titans,Sunrisers Hyderabad,Sunrisers Hyderabad,field,Gujarat Titans,228,8,18.1,Sunrisers Hyderabad,175,5,15.8,Sunrisers Hyderabad,5,wickets,True,1.51,-1.51
509,2015,2015-04-20,"Eden Gardens, Kolkata",Sunrisers Hyderabad,Chennai Super Kings,Sunrisers Hyderabad,field,Sunrisers Hyderabad,212,3,19.6,Chennai Super Kings,217,1,14.9,Sunrisers Hyderabad,5,runs,False,-3.779,3.779
510,2015,2015-03-26,"Narendra Modi Stadium, Ahmedabad",Delhi Capitals,Sunrisers Hyderabad,Sunrisers Hyderabad,field,Delhi Capitals,194,7,19.5,Sunrisers Hyderabad,90,5,19.1,Sunrisers Hyderabad,5,wickets,True,5.224,-5.224
511,2015,2015-04-10,"Sawai Mansingh Stadium, Jaipur",Sunrisers Hyderabad,Royal Challengers Bengaluru,Royal Challengers Bengaluru,field,Sunrisers Hyderabad,123,3,18.4,Royal Challengers Bengaluru,99,9,14.3,Royal Challengers Bengaluru,1,wickets,False,-0.224,0.224
512,2015,2015-04-07,"Punjab Cricket Association Stadium, Mohali",Kolkata Knight Riders,Mumbai Indians,Kolkata Knight Riders,field,Kolkata Knight Riders,190,9,19.3,Mumbai Indians,134,7,13.2,Mumbai Indians,3,wickets,True,-0.295,0.295
513,2015,2015-04-04,"Ekana Cricket Stadium, Lucknow",Chennai Super Kings,Punjab Kings,Chennai Super Kings,field,Chennai Super Kings,167,4,19.4,Punjab Kings,188,5,13.2,Chennai Super Kings,21,runs,False,-5.578,5.578
514,2015,2015-04-19,"Sawai Mansingh Stadium, Jaipur",Rajasthan Royals,Delhi Capitals,Delhi Capitals,field,Rajasthan Royals,151,3,19.9,Delhi Capitals,192,6,19.0,Rajasthan Royals,41,runs,False,-2.511,2.511
515,2015,2015-04-19,"Eden Gardens, Kolkata",Royal Challengers Bengaluru,Gujarat Titans,Royal Challengers Bengaluru,bat,Royal Challengers Bengaluru,139,4,18.5,Gujarat Titans,102,5,13.3,Gujarat Titans,5,wickets,False,-0.198,0.198
516,2015,2015-03-02,"Eden Gardens, Kolkata",Gujarat Titans,Mumbai Indians,Gujarat Titans,field,Gujarat Titans,138,3,18.4,Mumbai Indians,162,2,10.0,Gujarat Titans,24,runs,True,-8.702,8.702
517,2015,2015-03-04,"Ekana Cricket Stadium, Lucknow",Kolkata Knight Riders,Royal Challengers Bengaluru,Royal Challengers Bengaluru,field,Kolkata Knight Riders,141,3,18.6,Royal Challengers Bengaluru,207,5,18.4,Kolkata Knight Riders,66,runs,True,-3.651,3.651
518,2015,2015-04-27,"Sawai Mansingh Stadium, Jaipur",Punjab Kings,Chennai Super Kings,Chennai Super Kings,field,Punjab Kings,164,9,18.2,Chennai Super Kings,229,6,11.6,Punjab Kings,65,runs,True,-10.812,10.812
519,2015,2015-04-05,"Wankhede Stadium, Mumbai",Rajasthan Royals,Kolkata Knight Riders,Rajasthan Royals,field,Rajasthan Royals,131,5,19.6,Kolkata Knight Riders,220,4,18.7,Rajasthan Royals,89,runs,False,-5.058,5.058
520,2015,2015-04-26,"Wankhede Stadium, Mumbai",Rajasthan Royals,Kolkata Knight Riders,Kolkata Knight Riders,bat,Rajasthan Royals,123,7,18.3,Kolkata Knight Riders,85,2,11.3,Kolkata Knight Riders,8,wickets,False,-0.779,0.779
521,2015,2015-03-25,"Wankhede Stadium, Mumbai",Punjab Kings,Lucknow Super Giants,Punjab Kings,field,Punjab Kings,157,7,20.0,Lucknow Super Giants,129,4,12.9,Lucknow Super Giants,6,wickets,True,-2.183,2.183
522,2015,2015-03-14,"Sawai Mansingh Stadium, Jaipur",Sunrisers Hyderabad,Punjab Kings,Punjab Kings,bat,Sunrisers Hyderabad,166,7,19.7,Punjab Kings,144,4,16.7,Punjab Kings,6,wickets,True,-0.208,0.208
523,2015,2015-04-03,"Rajiv Gandhi International Stadium, Hyderabad",Royal Challengers Bengaluru,Delhi Capitals,Royal Challengers Bengaluru,field,Royal Challengers Bengaluru,227,5,18.7,Delhi Capitals,211,4,11.3,Delhi Capitals,6,wickets,False,-6.459,6.459
524,2015,2015-03-06,"M.A. Chidambaram Stadium, Chennai",Lucknow Super Giants,Rajasthan Royals,Lucknow Super Giants,bat,Lucknow Super Giants,171,8,18.5,Rajasthan Royals,119,6,19.0,Rajasthan Royals,4,wickets,True,2.988,-2.988
525,2015,2015-04-03,"Arun Jaitley Stadium, Delhi",Kolkata Knight Riders,Sunrisers Hyderabad,Kolkata Knight Riders,field,Kolkata Knight Riders,158,3,18.9,Sunrisers Hyderabad,107,5,12.7,Sunrisers Hyderabad,5,wickets,True,-0.08,0.08
526,2015,2015-04-07,"Narendra Modi Stadium, Ahmedabad",Punjab Kings,Kolkata Knight Riders,Punjab Kings,bat,Punjab Kings,126,6,18.8,Kolkata Knight Riders,104,3,19.2,Kolkata Knight Riders,7,wickets,True,1.267,-1.267
527,2015,2015-03-23,"Rajiv Gandhi International Stadium, Hyderabad",Lucknow Super Giants,Sunrisers Hyderabad,Sunrisers Hyderabad,field,Lucknow Super Giants,140,2,18.3,Sunrisers Hyderabad,123,6,12.1,Sunrisers Hyderabad,4,wickets,False,-2.504,2.504
528,2015,2015-03-16,"Wankhede Stadium, Mumbai",Kolkata Knight Riders,Royal Challengers Bengaluru,Kolkata Knight Riders,bat,Kolkata Knight Riders,177,5,19.2,Royal Challengers Bengaluru,139,8,11.1,Royal Challengers Bengaluru,2,wickets,False,-3.311,3.311
529,2015,2015-03-15,"Sawai Mansingh Stadium, Jaipur",Kolkata Knight Riders,Mumbai Indians,Mumbai Indians,field,Kolkata Knight Riders,143,6,18.8,Mumbai Indians,174,9,10.7,Kolkata Knight Riders,31,runs,True,-8.741,8.741
530,2015,2015-04-21,"Ekana Cricket Stadium, Lucknow",Delhi Capitals,Sunrisers Hyderabad,Sunrisers Hyderabad,field,Delhi Capitals,137,5,18.5,Sunrisers Hyderabad,160,6,15.7,Delhi Capitals,23,runs,False,-2.806,2.806
531,2015,2015-04-08,"Eden Gardens, Kolkata",Punjab Kings,Mumbai Indians,Mumbai Indians,bat,Punjab Kings,121,5,18.0,Mumbai Indians,198,1,14.3,Punjab Kings,77,runs,False,-7.123,7.123
532,2015,2015-04-22,"Eden Gardens, Kolkata",Punjab Kings,Lucknow Super Giants,Lucknow Super Giants,field,Punjab Kings,221,9,19.2,Lucknow Super Giants,139,9,18.7,Lucknow Super Giants,1,wickets,True,4.087,-4.087
533,2015,2015-04-06,"Punjab Cricket Association Stadium, Mohali",Chennai Super Kings,Kolkata Knight Riders,Chennai Super Kings,bat,Chennai Super Kings,209,2,18.5,Kolkata Knight Riders,219,9,13.2,Chennai Super Kings,10,runs,False,-5.376,5.376
534,2015,2015-04-22,"Narendra Modi Stadium, Ahmedabad",Rajasthan Royals,Lucknow Super Giants,Lucknow Super Giants,field,Rajasthan Royals,182,5,18.4,Lucknow Super Giants,144,1,14.6,Lucknow Super Giants,9,wickets,True,0.037,-0.037
535,2016,2016-04-13,"Arun Jaitley Stadium, Delhi",Mumbai Indians,Rajasthan Royals,Mumbai Indians,bat,Mumbai Indians,164,6,19.0,Rajasthan Royals,110,7,15.1,Rajasthan Royals,3,wickets,True,1.32,-1.32
536,2016,2016-03-21,"M. Chinnaswamy Stadium, Bengaluru",Lucknow Super Giants,Mumbai Indians,Mumbai Indians,field,Lucknow Super Giants,229,6,19.1,Mumbai Indians,133,7,12.7,Mumbai Indians,3,wickets,True,1.552,-1.552
537,2016,2016-03-20,"Sawai Mansingh Stadium, Jaipur",Rajasthan Royals,Gujarat Titans,Gujarat Titans,bat,Rajasthan Royals,227,5,19.6,Gujarat Titans,197,9,15.9,Gujarat Titans,1,wickets,False,-0.765,0.765
538,2016,2016-03-13,"Eden Gardens, Kolkata",Sunrisers Hyderabad,Delhi Capitals,Delhi Capitals,field,Sunrisers Hyderabad,217,2,18.0,Delhi Capitals,202,2,11.6,Delhi Capitals,8,wickets,True,-5.433,5.433
539,2016,2016-03-06,"Sawai Mansingh Stadium, Jaipur",Delhi Capitals,Royal Challengers Bengaluru,Delhi Capitals,bat,Delhi Capitals,120,4,18.3,Royal Challengers Bengaluru,97,6,11.4,Royal Challengers Bengaluru,4,wickets,True,-1.968,1.968
540,2016,2016-04-09,"Narendra Modi Stadium, Ahmedabad",Sunrisers Hyderabad,Kolkata Knight Riders,Sunrisers Hyderabad,bat,Sunrisers Hyderabad,214,2,19.9,Kolkata Knight Riders,157,5,16.3,Kolkata Knight Riders,5,wickets,False,1.124,-1.124
541,2016,2016-03-13,"Narendra Modi Stadium, Ahmedabad",Delhi Capitals,Sunrisers Hyderabad,Delhi Capitals,bat,Delhi Capitals,222,8,19.3,Sunrisers Hyderabad,216,2,12.9,Sunrisers Hyderabad,8,wickets,False,-5.212,5.212
542,2016,2016-04-20,"Sawai Mansingh Stadium, Jaipur",Punjab Kings,Gujarat Titans,Gujarat Titans,bat,Punjab Kings,177,7,19.2,Gujarat Titans,186,5,15.5,Punjab Kings,9,runs,False,-2.732,2.732
543,2016,2016-04-04,"Eden Gardens, Kolkata",Royal Challengers Bengaluru,Kolkata Knight Riders,Kolkata Knight Riders,bat,Royal Challengers Bengaluru,221,6,19.2,Kolkata Knight Riders,133,4,18.6,Kolkata Knight Riders,6,wickets,True,4.356,-4.356
544,2016,2016-03-14,"Eden Gardens, Kolkata",Mumbai Indians,Punjab Kings,Punjab Kings,field,Mumbai Indians,155,3,18.6,Punjab Kings,150,4,12.7,Punjab Kings,6,wickets,True,-3.472,3.472
545,2016,2016-03-21,"Arun Jaitley Stadium, Delhi",Mumbai Indians,Royal Challengers Bengaluru,Royal Challengers Bengaluru,field,Mumbai Indians,198,8,19.0,Royal Challengers Bengaluru,174,3,11.8,Royal Challengers Bengaluru,7,wickets,True,-4.325,4.325
546,2016,2016-04-28,"Narendra Modi Stadium, Ahmedabad",Delhi Capitals,Gujarat Titans,Gujarat Titans,bat,Delhi Capitals,147,7,18.4,Gujarat Titans,199,2,14.7,Delhi Capitals,52,runs,True,-5.603,5.603
547,2016,2016-04-08,"Narendra Modi Stadium, Ahmedabad",Kolkata Knight Riders,Sunrisers Hyderabad,Kolkata Knight Riders,field,Kolkata Knight Riders,133,7,19.8,Sunrisers Hyderabad,95,4,13.9,Sunrisers Hyderabad,6,wickets,False,-0.133,0.133
548,2016,2016-04-19,"Sawai Mansingh Stadium, Jaipur",Delhi Capitals,Gujarat Titans,Delhi Capitals,bat,Delhi Capitals,213,3,19.0,Gujarat Titans,128,7,12.9,Gujarat Titans,3,wickets,True,1.28,-1.28
549,2016,2016-03-25,"M. Chinnaswamy Stadium, Bengaluru",Sunrisers Hyderabad,Delhi Capitals,Sunrisers Hyderabad,field,Sunrisers Hyderabad,191,3,18.7,Delhi Capitals,211,7,16.3,Sunrisers Hyderabad,20,runs,False,-2.733,2.733
550,2016,2016-04-21,"Arun Jaitley Stadium, Delhi",Mumbai Indians,Kolkata Knight Riders,Kolkata Knight Riders,field,Mumbai Indians,222,6,19.6,Kolkata Knight Riders,87,6,17.8,Kolkata Knight Riders,4,wickets,True,6.447,-6.447
551,2016,2016-03-11,"Rajiv Gandhi International Stadium, Hyderabad",Royal Challengers Bengaluru,Delhi Capitals,Delhi Capitals,bat,Royal Challengers Bengaluru,216,9,18.5,Delhi Capitals,220,3,18.6,Royal Challengers Bengaluru,4,runs,False,-0.133,0.133
552,2016,2016-03-10,"M.A. Chidambaram Stadium, Chennai",Sunrisers Hyderabad,Punjab Kings,Punjab Kings,bat,Sunrisers Hyderabad,127,5,18.5,Punjab Kings,111,3,10.1,Punjab Kings,7,wickets,True,-4.129,4.129
553,2016,2016-03-14,"Punjab Cricket Association Stadium, Mohali",Delhi Capitals,Mumbai Indians,Mumbai Indians,field,Delhi Capitals,209,2,18.6,Mumbai Indians,183,8,15.8,Mumbai Indians,2,wickets,True,-0.35,0.35
554,2016,2016-03-10,"Narendra Modi Stadium, Ahmedabad",Rajasthan Royals,Royal Challengers Bengaluru,Rajasthan Royals,field,Rajasthan Royals,131,9,18.4,Royal Challengers Bengaluru,177,3,11.6,Rajasthan Royals,46,runs,True,-8.149,8.149
555,2016,2016-04-18,"M.A. Chidambaram Stadium, Chennai",Delhi Capitals,Punjab Kings,Delhi Capitals,field,Delhi Capitals,147,2,18.0,Punjab Kings,131,8,17.0,Punjab Kings,2,wickets,True,0.472,-0.472
556,2016,2016-04-05,"M.A. Chidambaram Stadium, Chennai",Royal Challengers Bengaluru,Lucknow Super Giants,Lucknow Super Giants,bat,Royal Challengers Bengaluru,229,4,19.2,Lucknow Super Giants,130,2,16.6,Lucknow Super Giants,8,wickets,True,4.091,-4.091
557,2016,2016-03-06,"Sawai Mansingh Stadium, Jaipur",Gujarat Titans,Mumbai Indians,Mumbai Indians,field,Gujarat Titans,195,7,19.4,Mumbai Indians,202,4,12.3,Gujarat Titans,7,runs,True,-6.307,6.307
558,2016,2016-03-25,"M.A. Chidambaram Stadium, Chennai",Gujarat Titans,Sunrisers Hyderabad,Gujarat Titans,bat,Gujarat Titans,214,6,19.0,Sunrisers Hyderabad,153,6,14.4,Sunrisers Hyderabad,4,wickets,True,0.635,-0.635
559,2016,2016-03-01,"Punjab Cricket Association Stadium, Mohali",Gujarat Titans,Rajasthan Royals,Gujarat Titans,field,Gujarat Titans,155,6,18.9,Rajasthan Royals,144,3,15.9,Rajasthan Royals,7,wickets,False,-0.831,0.831
560,2016,2016-04-23,"Wankhede Stadium, Mumbai",Gujarat Titans,Sunrisers Hyderabad,Sunrisers Hyderabad,field,Gujarat Titans,153,6,18.4,Sunrisers Hyderabad,135,9,11.9,Sunrisers Hyderabad,1,wickets,True,-3.027,3.027
561,2016,2016-04-05,"M.A. Chidambaram Stadium, Chennai",Royal Challengers Bengaluru,Chennai Super Kings,Royal Challengers Bengaluru,bat,Royal Challengers Bengaluru,181,5,18.5,Chennai Super Kings,102,9,12.3,Chennai Super Kings,1,wickets,True,1.493,-1.493
562,2016,2016-04-16,"M. Chinnaswamy Stadium, Bengaluru",Delhi Capitals,Lucknow Super Giants,Lucknow Super Giants,bat,Delhi Capitals,173,6,18.2,Lucknow Super Giants,160,8,12.7,Lucknow Super Giants,2,wickets,True,-3.068,3.068
563,2016,2016-04-19,"Wankhede Stadium, Mumbai",Gujarat Titans,Punjab Kings,Punjab Kings,bat,Gujarat Titans,199,3,18.6,Punjab Kings,145,2,19.2,Punjab Kings,8,wickets,True,3.152,-3.152
564,2016,2016-04-07,"M. Chinnaswamy Stadium, Bengaluru",Kolkata Knight Riders,Mumbai Indians,Kolkata Knight Riders,field,Kolkata Knight Riders,161,4,18.7,Mumbai Indians,114,5,15.1,Mumbai Indians,5,wickets,True,1.044,-1.044
565,2016,2016-04-28,"M.A. Chidambaram Stadium, Chennai",Rajasthan Royals,Kolkata Knight Riders,Rajasthan Royals,bat,Rajasthan Royals,220,7,18.3,Kolkata Knight Riders,142,6,14.2,Kolkata Knight Riders,4,wickets,False,1.967,-1.967
566,2016,2016-03-11,"Rajiv Gandhi International Stadium, Hyderabad",Mumbai Indians,Rajasthan Royals,Rajasthan Royals,bat,Mumbai Indians,202,9,18.6,Rajasthan Royals,202,4,17.6,Rajasthan Royals,6,wickets,True,-0.613,0.613
567,2016,2016-04-01,"Arun Jaitley Stadium, Delhi",Lucknow Super Giants,Chennai Super Kings,Lucknow Super Giants,field,Lucknow Super Giants,219,7,19.7,Chennai Super Kings,226,8,15.6,Lucknow Super Giants,7,runs,False,-3.315,3.315
568,2016,2016-03-18,"Narendra Modi Stadium, Ahmedabad",Sunrisers Hyderabad,Punjab Kings,Sunrisers Hyderabad,bat,Sunrisers Hyderabad,214,3,18.6,Punjab Kings,166,5,18.4,Punjab Kings,5,wickets,False,2.482,-2.482
569,2016,2016-04-19,"Ekana Cricket Stadium, Lucknow",Sunrisers Hyderabad,Punjab Kings,Sunrisers Hyderabad,bat,Sunrisers Hyderabad,122,9,19.2,Punjab Kings,201,7,10.5,Sunrisers Hyderabad,79,runs,True,-12.721,12.721
570,2016,2016-04-29,"Sawai Mansingh Stadium, Jaipur",Kolkata Knight Riders,Delhi Capitals,Kolkata Knight Riders,field,Kolkata Knight Riders,207,6,18.1,Delhi Capitals,176,4,12.1,Delhi Capitals,6,wickets,True,-3.053,3.053
571,2016,2016-04-07,"M.A. Chidambaram Stadium, Chennai",Chennai Super Kings,Royal Challengers Bengaluru,Royal Challengers Bengaluru,bat,Chennai Super Kings,156,5,19.7,Royal Challengers Bengaluru,225,5,10.6,Chennai Super Kings,69,runs,False,-13.42,13.42
572,2016,2016-04-15,"Punjab Cricket Association Stadium, Mohali",Kolkata Knight Riders,Gujarat Titans,Kolkata Knight Riders,field,Kolkata Knight Riders,181,4,19.9,Gujarat Titans,118,3,18.3,Gujarat Titans,7,wickets,True,2.684,-2.684
573,2016,2016-03-10,"M. Chinnaswamy Stadium, Bengaluru",Delhi Capitals,Gujarat Titans,Delhi Capitals,field,Delhi Capitals,136,2,18.9,Gujarat Titans,177,2,10.6,Delhi Capitals,41,runs,False,-9.477,9.477
574,2016,2016-03-22,"Sawai Mansingh Stadium, Jaipur",Delhi Capitals,Rajasthan Royals,Delhi Capitals,bat,Delhi Capitals,227,9,19.9,Rajasthan Royals,155,2,14.2,Rajasthan Royals,8,wickets,True,0.466,-0.466
575,2016,2016-04-06,"Rajiv Gandhi International Stadium, Hyderabad",Kolkata Knight Riders,Rajasthan Royals,Kolkata Knight Riders,bat,Kolkata Knight Riders,216,4,19.4,Rajasthan Royals,205,6,18.4,Rajasthan Royals,4,wickets,False,-0.043,0.043
576,2016,2016-03-20,"M.A. Chidambaram Stadium, Chennai",Mumbai Indians,Gujarat Titans,Gujarat Titans,bat,Mumbai Indians,121,6,19.1,Gujarat Titans,146,6,13.8,Mumbai Indians,25,runs,False,-4.193,4.193
577,2016,2016-04-04,"Narendra Modi Stadium, Ahmedabad",Mumbai Indians,Kolkata Knight Riders,Mumbai Indians,bat,Mumbai Indians,200,6,19.8,Kolkata Knight Riders,127,6,16.1,Kolkata Knight Riders,4,wickets,True,2.21,-2.21
578,2016,2016-04-05,"Narendra Modi Stadium, Ahmedabad",Punjab Kings,Chennai Super Kings,Punjab Kings,field,Punjab Kings,193,5,18.7,Chennai Super Kings,192,7,15.4,Chennai Super Kings,3,wickets,False,-2.117,2.117
579,2016,2016-04-14,"Sawai Mansingh Stadium, Jaipur",Chennai Super Kings,Sunrisers Hyderabad,Chennai Super Kings,bat,Chennai Super Kings,190,2,18.1,Sunrisers Hyderabad,130,9,10.7,Sunrisers Hyderabad,1,wickets,False,-1.621,1.621
580,2016,2016-03-04,"Ekana Cricket Stadium, Lucknow",Royal Challengers Bengaluru,Sunrisers Hyderabad,Sunrisers Hyderabad,field,Royal Challengers Bengaluru,155,5,18.9,Sunrisers Hyderabad,116,4,10.4,Sunrisers Hyderabad,6,wickets,False,-2.975,2.975
581,2016,2016-03-06,"Arun Jaitley Stadium, Delhi",Chennai Super Kings,Rajasthan Royals,Rajasthan Royals,bat,Chennai Super Kings,167,2,19.0,Rajasthan Royals,199,4,11.4,Chennai Super Kings,32,runs,False,-8.685,8.685
582,2016,2016-03-04,"Narendra Modi Stadium, Ahmedabad",Mumbai Indians,Royal Challengers Bengaluru,Mumbai Indians,field,Mumbai Indians,142,5,18.8,Royal Challengers Bengaluru,194,7,16.3,Mumbai Indians,52,runs,False,-4.375,4.375
583,2016,2016-03-15,"Arun Jaitley Stadium, Delhi",Punjab Kings,Rajasthan Royals,Punjab Kings,bat,Punjab Kings,227,4,18.6,Rajasthan Royals,215,3,14.6,Rajasthan Royals,7,wickets,True,-2.522,2.522
584,2016,2016-04-26,"M.A. Chidambaram Stadium, Chennai",Kolkata Knight Riders,Royal Challengers Bengaluru,Royal Challengers Bengaluru,field,Kolkata Knight Riders,130,5,18.1,Royal Challengers Bengaluru,138,3,18.0,Kolkata Knight Riders,8,runs,True,-0.477,0.477
585,2016,2016-04-11,"Sawai Mansingh Stadium, Jaipur",Punjab Kings,Gujarat Titans,Gujarat Titans,bat,Punjab Kings,177,3,19.3,Gujarat Titans,129,6,11.5,Gujarat Titans,4,wickets,True,-2.0,2.0
586,2016,2016-04-25,"Eden Gardens, Kolkata",Royal Challengers Bengaluru,Mumbai Indians,Mumbai Indians,field,Royal Challengers Bengaluru,134,9,19.0,Mumbai Indians,151,9,18.8,Royal Challengers Bengaluru,17,runs,True,-0.993,0.993
587,2016,2016-04-29,"Rajiv Gandhi International Stadium, Hyderabad",Kolkata Knight Riders,Lucknow Super Giants,Lucknow Super Giants,field,Kolkata Knight Riders,222,7,18.4,Lucknow Super Giants,165,7,19.6,Lucknow Super Giants,3,wickets,True,3.666,-3.666
588,2016,2016-04-14,"M.A. Chidambaram Stadium, Chennai",Chennai Super Kings,Kolkata Knight Riders,Kolkata Knight Riders,bat,Chennai Super Kings,139,8,19.1,Kolkata Knight Riders,208,3,16.1,Chennai Super Kings,69,runs,True,-5.658,5.658
589,2016,2016-04-17,"Punjab Cricket Association Stadium, Mohali",Gujarat Titans,Rajasthan Royals,Rajasthan Royals,field,Gujarat Titans,228,6,20.0,Rajasthan Royals,176,3,12.6,Rajasthan Royals,7,wickets,False,-2.533,2.533
590,2016,2016-04-09,"Rajiv Gandhi International Stadium, Hyderabad",Mumbai Indians,Punjab Kings,Punjab Kings,bat,Mumbai Indians,138,2,19.3,Punjab Kings,85,9,12.9,Punjab Kings,1,wickets,False,0.597,-0.597
591,2016,2016-03-12,"M. Chinnaswamy Stadium, Bengaluru",Kolkata Knight Riders,Rajasthan Royals,Rajasthan Royals,bat,Kolkata Knight Riders,151,7,18.7,Rajasthan Royals,100,4,10.4,Rajasthan Royals,6,wickets,True,-1.536,1.536
592,2016,2016-03-27,"Wankhede Stadium, Mumbai",Kolkata Knight Riders,Punjab Kings,Punjab Kings,field,Kolkata Knight Riders,213,8,18.1,Punjab Kings,131,2,11.5,Punjab Kings,8,wickets,True,0.352,-0.352
593,2016,2016-03-21,"Eden Gardens, Kolkata",Rajasthan Royals,Punjab Kings,Punjab Kings,field,Rajasthan Royals,148,7,18.5,Punjab Kings,147,2,13.6,Punjab Kings,8,wickets,True,-2.823,2.823
594,2016,2016-03-03,"Narendra Modi Stadium, Ahmedabad",Lucknow Super Giants,Punjab Kings,Lucknow Super Giants,bat,Lucknow Super Giants,216,4,18.1,Punjab Kings,172,8,15.8,Punjab Kings,2,wickets,False,1.074,-1.074
595,2016,2016-04-27,"Rajiv Gandhi International Stadium, Hyderabad",Punjab Kings,Sunrisers Hyderabad,Punjab Kings,field,Punjab Kings,203,3,19.8,Sunrisers Hyderabad,142,7,16.6,Sunrisers Hyderabad,3,wickets,True,1.673,-1.673
596,2016,2016-04-27,"Arun Jaitley Stadium, Delhi",Royal Challengers Bengaluru,Lucknow Super Giants,Royal Challengers Bengaluru,bat,Royal Challengers Bengaluru,191,4,19.6,Lucknow Super Giants,142,6,10.8,Lucknow Super Giants,4,wickets,False,-3.456,3.456
597,2016,2016-04-01,"Ekana Cricket Stadium, Lucknow",Gujarat Titans,Rajasthan Royals,Gujarat Titans,bat,Gujarat Titans,162,8,19.7,Rajasthan Royals,83,3,11.5,Rajasthan Royals,7,wickets,True,0.995,-0.995
598,2016,2016-04-21,"Punjab Cricket Association Stadium, Mohali",Lucknow Super Giants,Delhi Capitals,Delhi Capitals,field,Lucknow Super Giants,152,4,19.4,Delhi Capitals,104,2,18.3,Delhi Capitals,8,wickets,False,2.132,-2.132
599,2016,2016-03-17,"M.A. Chidambaram Stadium, Chennai",Gujarat Titans,Sunrisers Hyderabad,Gujarat Titans,bat,Gujarat Titans,126,8,18.2,Sunrisers Hyderabad,109,2,14.6,Sunrisers Hyderabad,8,wickets,True,-0.555,0.555
600,2016,2016-03-02,"Ekana Cricket Stadium, Lucknow",Kolkata Knight Riders,Lucknow Super Giants,Kolkata Knight Riders,bat,Kolkata Knight Riders,133,5,18.8,Lucknow Super Giants,126,3,13.3,Lucknow Super Giants,7,wickets,True,-2.439,2.439
601,2017,2017-04-07,"M. Chinnaswamy Stadium, Bengaluru",Punjab Kings,Rajasthan Royals,Rajasthan Royals,bat,Punjab Kings,200,3,19.1,Rajasthan Royals,138,7,13.5,Rajasthan Royals,3,wickets,False,0.281,-0.281
602,2017,2017-03-28,"M. Chinnaswamy Stadium, Bengaluru",Rajasthan Royals,Gujarat Titans,Rajasthan Royals,field,Rajasthan Royals,195,4,18.4,Gujarat Titans,185,7,14.7,Gujarat Titans,3,wickets,False,-1.987,1.987
603,2017,2017-04-28,"Eden Gardens, Kolkata",Chennai Super Kings,Rajasthan Royals,Rajasthan Royals,bat,Chennai Super Kings,229,5,19.6,Rajasthan Royals,84,1,19.3,Rajasthan Royals,9,wickets,True,7.354,-7.354
604,2017,2017-03-03,"Ekana Cricket Stadium, Lucknow",Royal Challengers Bengaluru,Gujarat Titans,Royal Challengers Bengaluru,field,Royal Challengers Bengaluru,122,4,18.9,Gujarat Titans,201,6,14.3,Royal Challengers Bengaluru,79,runs,True,-7.626,7.626
605,2017,2017-03-28,"M. Chinnaswamy Stadium, Bengaluru",Gujarat Titans,Rajasthan Royals,Gujarat Titans,field,Gujarat Titans,203,3,18.3,Rajasthan Royals,136,8,18.2,Rajasthan Royals,2,wickets,True,3.64,-3.64
606,2017,2017-04-06,"Narendra Modi Stadium, Ahmedabad",Royal Challengers Bengaluru,Rajasthan Royals,Royal Challengers Bengaluru,bat,Royal Challengers Bengaluru,200,6,18.9,Rajasthan Royals,89,1,15.7,Rajasthan Royals,9,wickets,True,4.934,-4.934
607,2017,2017-03-04,"Arun Jaitley Stadium, Delhi",Gujarat Titans,Lucknow Super Giants,Gujarat Titans,bat,Gujarat Titans,122,7,18.4,Lucknow Super Giants,100,1,16.9,Lucknow Super Giants,9,wickets,False,0.703,-0.703
608,2017,2017-04-02,"Wankhede Stadium, Mumbai",Sunrisers Hyderabad,Punjab Kings,Sunrisers Hyderabad,field,Sunrisers Hyderabad,135,8,18.3,Punjab Kings,220,5,11.0,Sunrisers Hyderabad,85,runs,True,-12.678,12.678
609,2017,2017-04-01,"M. Chinnaswamy Stadium, Bengaluru",Delhi Capitals,Lucknow Super Giants,Lucknow Super Giants,field,Delhi Capitals,126,3,18.4,Lucknow Super Giants,94,5,15.7,Lucknow Super Giants,5,wickets,True,0.865,-0.865
610,2017,2017-04-22,"Eden Gardens, Kolkata",Lucknow Super Giants,Mumbai Indians,Mumbai Indians,bat,Lucknow Super Giants,123,9,19.8,Mumbai Indians,196,8,11.4,Lucknow Super Giants,73,runs,True,-10.941,10.941
611,2017,2017-03-01,"Punjab Cricket Association Stadium, Mohali",Rajasthan Royals,Kolkata Knight Riders,Kolkata Knight Riders,bat,Rajasthan Royals,212,4,19.7,Kolkata Knight Riders,133,3,19.6,Kolkata Knight Riders,7,wickets,True,3.979,-3.979
612,2017,2017-03-12,"M.A. Chidambaram Stadium, Chennai",Rajasthan Royals,Royal Challengers Bengaluru,Royal Challengers Bengaluru,field,Rajasthan Royals,187,2,19.3,Royal Challengers Bengaluru,131,8,13.6,Royal Challengers Bengaluru,2,wickets,False,0.099,-0.099
613,2017,2017-04-06,"Arun Jaitley Stadium, Delhi",Lucknow Super Giants,Sunrisers Hyderabad,Lucknow Super Giants,bat,Lucknow Super Giants,193,6,18.9,Sunrisers Hyderabad,189,3,11.1,Sunrisers Hyderabad,7,wickets,True,-6.832,6.832
614,2017,2017-04-27,"M.A. Chidambaram Stadium, Chennai",Chennai Super Kings,Rajasthan Royals,Rajasthan Royals,field,Chennai Super Kings,189,5,18.5,Rajasthan Royals,112,4,16.7,Rajasthan Royals,6,wickets,False,3.524,-3.524
615,2017,2017-03-25,"M.A. Chidambaram Stadium, Chennai",Kolkata Knight Riders,Gujarat Titans,Kolkata Knight Riders,field,Kolkata Knight Riders,217,8,18.7,Gujarat Titans,151,8,15.2,Gujarat Titans,2,wickets,True,1.671,-1.671
616,2017,2017-03-18,"M. Chinnaswamy Stadium, Bengaluru",Sunrisers Hyderabad,Kolkata Knight Riders,Sunrisers Hyderabad,field,Sunrisers Hyderabad,172,4,18.0,Kolkata Knight Riders,93,9,15.5,Kolkata Knight Riders,1,wickets,True,3.553,-3.553
617,2017,2017-03-11,"M. Chinnaswamy Stadium, Bengaluru",Mumbai Indians,Delhi Capitals,Mumbai Indians,field,Mumbai Indians,198,6,19.3,Delhi Capitals,100,5,12.9,Delhi Capitals,5,wickets,False,2.472,-2.472
618,2017,2017-03-11,"Punjab Cricket Association Stadium, Mohali",Chennai Super Kings,Delhi Capitals,Chennai Super Kings,field,Chennai Super Kings,215,4,18.7,Delhi Capitals,131,7,11.5,Delhi Capitals,3,wickets,True,0.12,-0.12
619,2017,2017-03-05,"M.A. Chidambaram Stadium, Chennai",Chennai Super Kings,Delhi Capitals,Delhi Capitals,field,Chennai Super Kings,203,3,19.3,Delhi Capitals,210,2,11.9,Chennai Super Kings,7,runs,True,-7.082,7.082
620,2017,2017-04-22,"Arun Jaitley Stadium, Delhi",Sunrisers Hyderabad,Mumbai Indians,Sunrisers Hyderabad,field,Sunrisers Hyderabad,213,4,18.3,Mumbai Indians,96,9,16.8,Mumbai Indians,1,wickets,True,5.942,-5.942
621,2017,2017-04-15,"Eden Gardens, Kolkata",Rajasthan Royals,Punjab Kings,Punjab Kings,bat,Rajasthan Royals,224,7,19.4,Punjab Kings,147,9,15.7,Punjab Kings,1,wickets,False,2.155,-2.155
622,2017,2017-03-12,"Sawai Mansingh Stadium, Jaipur",Punjab Kings,Gujarat Titans,Gujarat Titans,field,Punjab Kings,150,6,18.0,Gujarat Titans,216,6,16.3,Punjab Kings,66,runs,True,-4.898,4.898
623,2017,2017-03-02,"Sawai Mansingh Stadium, Jaipur",Chennai Super Kings,Delhi Capitals,Delhi Capitals,field,Chennai Super Kings,165,2,19.8,Delhi Capitals,147,9,15.5,Delhi Capitals,1,wickets,True,-1.16,1.16
624,2017,2017-04-07,"Sawai Mansingh Stadium, Jaipur",Rajasthan Royals,Delhi Capitals,Rajasthan Royals,field,Rajasthan Royals,186,2,19.4,Delhi Capitals,197,3,16.5,Rajasthan Royals,11,runs,True,-2.35,2.35
625,2017,2017-04-01,"Narendra Modi Stadium, Ahmedabad",Rajasthan Royals,Chennai Super Kings,Chennai Super Kings,field,Rajasthan Royals,227,2,18.9,Chennai Super Kings,121,3,16.4,Chennai Super Kings,7,wickets,True,4.649,-4.649
626,2017,2017-03-03,"Rajiv Gandhi International Stadium, Hyderabad",Punjab Kings,Sunrisers Hyderabad,Sunrisers Hyderabad,field,Punjab Kings,128,2,18.6,Sunrisers Hyderabad,115,4,11.8,Sunrisers Hyderabad,6,wickets,True,-2.869,2.869
627,2017,2017-04-23,"Punjab Cricket Association Stadium, Mohali",Chennai Super Kings,Sunrisers Hyderabad,Sunrisers Hyderabad,bat,Chennai Super Kings,131,7,18.1,Sunrisers Hyderabad,107,6,13.9,Sunrisers Hyderabad,4,wickets,True,-0.451,0.451
628,2017,2017-03-13,"Punjab Cricket Association Stadium, Mohali",Kolkata Knight Riders,Mumbai Indians,Mumbai Indians,bat,Kolkata Knight Riders,204,6,18.2,Mumbai Indians,228,4,11.8,Kolkata Knight Riders,24,runs,True,-8.046,8.046
629,2017,2017-04-13,"Eden Gardens, Kolkata",Delhi Capitals,Punjab Kings,Delhi Capitals,bat,Delhi Capitals,225,3,19.8,Punjab Kings,199,8,11.3,Punjab Kings,2,wickets,True,-6.21,6.21
630,2017,2017-04-25,"Arun Jaitley Stadium, Delhi",Mumbai Indians,Rajasthan Royals,Mumbai Indians,bat,Mumbai Indians,124,3,19.4,Rajasthan Royals,222,3,18.9,Mumbai Indians,98,runs,True,-5.34,5.34
631,2017,2017-03-22,"Narendra Modi Stadium, Ahmedabad",Gujarat Titans,Punjab Kings,Punjab Kings,bat,Gujarat Titans,189,6,19.0,Punjab Kings,173,9,11.6,Punjab Kings,1,wickets,True,-4.92,4.92
632,2017,2017-04-06,"Narendra Modi Stadium, Ahmedabad",Kolkata Knight Riders,Lucknow Super Giants,Lucknow Super Giants,bat,Kolkata Knight Riders,214,3,19.2,Lucknow Super Giants,208,4,10.2,Lucknow Super Giants,6,wickets,False,-9.324,9.324
633,2017,2017-03-04,"Narendra Modi Stadium, Ahmedabad",Sunrisers Hyderabad,Gujarat Titans,Sunrisers Hyderabad,field,Sunrisers Hyderabad,129,2,19.1,Gujarat Titans,161,8,17.5,Sunrisers Hyderabad,32,runs,False,-2.438,2.438
634,2017,2017-03-13,"Narendra Modi Stadium, Ahmedabad",Delhi Capitals,Lucknow Super Giants,Lucknow Super Giants,bat,Delhi Capitals,158,8,18.2,Lucknow Super Giants,205,1,17.6,Delhi Capitals,47,runs,True,-2.973,2.973
635,2017,2017-04-04,"Narendra Modi Stadium, Ahmedabad",Lucknow Super Giants,Sunrisers Hyderabad,Sunrisers Hyderabad,bat,Lucknow Super Giants,188,6,19.5,Sunrisers Hyderabad,213,5,19.8,Lucknow Super Giants,25,runs,True,-1.122,1.122
636,2017,2017-04-26,"Narendra Modi Stadium, Ahmedabad",Kolkata Knight Riders,Chennai Super Kings,Kolkata Knight Riders,field,Kolkata Knight Riders,134,2,18.2,Chennai Super Kings,190,7,10.6,Kolkata Knight Riders,56,runs,False,-10.489,10.489
637,2017,2017-03-20,"Narendra Modi Stadium, Ahmedabad",Gujarat Titans,Lucknow Super Giants,Lucknow Super Giants,field,Gujarat Titans,229,4,19.8,Lucknow Super Giants,126,3,12.8,Lucknow Super Giants,7,wickets,True,1.68,-1.68
638,2017,2017-03-19,"M.A. Chidambaram Stadium, Chennai",Punjab Kings,Gujarat Titans,Punjab Kings,field,Punjab Kings,219,6,19.3,Gujarat Titans,89,9,13.8,Gujarat Titans,1,wickets,True,4.88,-4.88
639,2017,2017-03-02,"Narendra Modi Stadium, Ahmedabad",Lucknow Super Giants,Sunrisers Hyderabad,Lucknow Super Giants,field,Lucknow Super Giants,175,2,18.4,Sunrisers Hyderabad,220,9,19.7,Lucknow Super Giants,45,runs,True,-1.647,1.647
640,2017,2017-03-02,"Rajiv Gandhi International Stadium, Hyderabad",Kolkata Knight Riders,Punjab Kings,Kolkata Knight Riders,field,Kolkata Knight Riders,141,2,19.2,Punjab Kings,113,2,14.9,Punjab Kings,8,wickets,False,-0.231,0.231
641,2017,2017-04-11,"Ekana Cricket Stadium, Lucknow",Mumbai Indians,Punjab Kings,Mumbai Indians,field,Mumbai Indians,157,9,18.9,Punjab Kings,182,4,13.6,Mumbai Indians,25,runs,True,-5.109,5.109
642,2017,2017-04-16,"Narendra Modi Stadium, Ahmedabad",Sunrisers Hyderabad,Lucknow Super Giants,Sunrisers Hyderabad,field,Sunrisers Hyderabad,212,3,19.1,Lucknow Super Giants,128,3,10.4,Lucknow Super Giants,7,wickets,True,-1.21,1.21
643,2017,2017-04-26,"Wankhede Stadium, Mumbai",Kolkata Knight Riders,Sunrisers Hyderabad,Kolkata Knight Riders,field,Kolkata Knight Riders,214,9,18.9,Sunrisers Hyderabad,99,8,12.4,Sunrisers Hyderabad,2,wickets,True,3.344,-3.344
644,2017,2017-03-19,"Narendra Modi Stadium, Ahmedabad",Gujarat Titans,Lucknow Super Giants,Lucknow Super Giants,bat,Gujarat Titans,203,8,19.4,Lucknow Super Giants,130,2,11.1,Lucknow Super Giants,8,wickets,True,-1.194,1.194
645,2017,2017-04-15,"Ekana Cricket Stadium, Lucknow",Delhi Capitals,Lucknow Super Giants,Lucknow Super Giants,field,Delhi Capitals,182,5,18.8,Lucknow Super Giants,199,6,17.6,Delhi Capitals,17,runs,True,-1.639,1.639
646,2017,2017-04-21,"Rajiv Gandhi International Stadium, Hyderabad",Kolkata Knight Riders,Sunrisers Hyderabad,Sunrisers Hyderabad,field,Kolkata Knight Riders,160,2,19.5,Sunrisers Hyderabad,202,5,10.7,Kolkata Knight Riders,42,runs,True,-10.595,10.595
647,2017,2017-03-21,"Rajiv Gandhi International Stadium, Hyderabad",Rajasthan Royals,Delhi Capitals,Rajasthan Royals,bat,Rajasthan Royals,166,3,18.7,Delhi Capitals,127,4,17.0,Delhi Capitals,6,wickets,True,1.388,-1.388
648,2017,2017-04-09,"Eden Gardens, Kolkata",Lucknow Super Giants,Chennai Super Kings,Lucknow Super Giants,bat,Lucknow Super Giants,172,7,18.5,Chennai Super Kings,131,5,17.9,Chennai Super Kings,5,wickets,True,1.988,-1.988
649,2017,2017-03-11,"Punjab Cricket Association Stadium, Mohali",Kolkata Knight Riders,Sunrisers Hyderabad,Sunrisers Hyderabad,field,Kolkata Knight Riders,145,2,19.7,Sunrisers Hyderabad,213,5,14.7,Kolkata Knight Riders,68,runs,False,-7.114,7.114
650,2017,2017-04-23,"M. Chinnaswamy Stadium, Bengaluru",Gujarat Titans,Kolkata Knight Riders,Kolkata Knight Riders,field,Gujarat Titans,136,5,19.8,Kolkata Knight Riders,185,9,12.2,Gujarat Titans,49,runs,False,-8.294,8.294
651,2017,2017-03-17,"Narendra Modi Stadium, Ahmedabad",Punjab Kings,Lucknow Super Giants,Punjab Kings,bat,Punjab Kings,225,4,18.1,Lucknow Super Giants,173,8,15.8,Lucknow Super Giants,2,wickets,True,1.5,-1.5
652,2017,2017-03-21,"Punjab Cricket Association Stadium, Mohali",Royal Challengers Bengaluru,Gujarat Titans,Gujarat Titans,bat,Royal Challengers Bengaluru,151,7,19.5,Gujarat Titans,228,7,13.3,Royal Challengers Bengaluru,77,runs,True,-9.36,9.36
653,2017,2017-04-18,"M.A. Chidambaram Stadium, Chennai",Lucknow Super Giants,Chennai Super Kings,Chennai Super Kings,field,Lucknow Super Giants,181,4,18.2,Chennai Super Kings,150,2,11.7,Chennai Super Kings,8,wickets,True,-2.945,2.945
654,2017,2017-03-02,"Rajiv Gandhi International Stadium, Hyderabad",Chennai Super Kings,Kolkata Knight Riders,Kolkata Knight Riders,bat,Chennai Super Kings,142,4,18.4,Kolkata Knight Riders,154,8,19.6,Chennai Super Kings,12,runs,True,-0.16,0.16
655,2017,2017-04-01,"M.A. Chidambaram Stadium, Chennai",Royal Challengers Bengaluru,Kolkata Knight Riders,Kolkata Knight Riders,field,Royal Challengers Bengaluru,225,2,19.9,Kolkata Knight Riders,207,6,15.2,Kolkata Knight Riders,4,wickets,True,-2.351,2.351
656,2017,2017-04-24,"M.A. Chidambaram Stadium, Chennai",Sunrisers Hyderabad,Punjab Kings,Sunrisers Hyderabad,field,Sunrisers Hyderabad,169,6,18.1,Punjab Kings,110,8,10.3,Punjab Kings,2,wickets,False,-1.382,1.382
657,2017,2017-04-16,"Narendra Modi Stadium, Ahmedabad",Rajasthan Royals,Sunrisers Hyderabad,Sunrisers Hyderabad,field,Rajasthan Royals,135,6,18.6,Sunrisers Hyderabad,195,2,19.6,Rajasthan Royals,60,runs,False,-2.679,2.679
658,2017,2017-04-01,"M. Chinnaswamy Stadium, Bengaluru",Rajasthan Royals,Royal Challengers Bengaluru,Royal Challengers Bengaluru,field,Rajasthan Royals,191,8,19.6,Royal Challengers Bengaluru,199,8,12.9,Rajasthan Royals,8,runs,True,-5.624,5.624
659,2017,2017-03-29,"Eden Gardens, Kolkata",Chennai Super Kings,Sunrisers Hyderabad,Chennai Super Kings,field,Chennai Super Kings,172,3,19.6,Sunrisers Hyderabad,189,8,18.8,Chennai Super Kings,17,runs,False,-1.309,1.309
660,2017,2017-04-25,"Eden Gardens, Kolkata",Delhi Capitals,Royal Challengers Bengaluru,Royal Challengers Bengaluru,bat,Delhi Capitals,130,4,19.1,Royal Challengers Bengaluru,83,3,13.9,Royal Challengers Bengaluru,7,wickets,True,0.849,-0.849
661,2017,2017-04-11,"Arun Jaitley Stadium, Delhi",Royal Challengers Bengaluru,Punjab Kings,Punjab Kings,bat,Royal Challengers Bengaluru,161,8,18.1,Punjab Kings,150,3,10.6,Punjab Kings,7,wickets,True,-5.283,5.283
662,2017,2017-03-03,"Eden Gardens, Kolkata",Punjab Kings,Lucknow Super Giants,Punjab Kings,bat,Punjab Kings,175,5,18.1,Lucknow Super Giants,159,4,16.4,Lucknow Super Giants,6,wickets,True,-0.016,0.016
663,2017,2017-03-23,"Eden Gardens, Kolkata",Punjab Kings,Kolkata Knight Riders,Kolkata Knight Riders,bat,Punjab Kings,128,3,19.0,Kolkata Knight Riders,103,3,16.9,Kolkata Knight Riders,7,wickets,False,0.66,-0.66
664,2017,2017-04-07,"Punjab Cricket Association Stadium, Mohali",Royal Challengers Bengaluru,Chennai Super Kings,Chennai Super Kings,field,Royal Challengers Bengaluru,152,5,18.1,Chennai Super Kings,190,5,20.0,Royal Challengers Bengaluru,38,runs,True,-1.121,1.121
665,2017,2017-04-20,"Eden Gardens, Kolkata",Sunrisers Hyderabad,Punjab Kings,Punjab Kings,bat,Sunrisers Hyderabad,121,7,19.0,Punjab Kings,100,5,18.3,Punjab Kings,5,wickets,True,0.896,-0.896
666,2017,2017-03-27,"Wankhede Stadium, Mumbai",Punjab Kings,Kolkata Knight Riders,Punjab Kings,bat,Punjab Kings,178,9,19.0,Kolkata Knight Riders,176,1,16.9,Kolkata Knight Riders,9,wickets,True,-1.043,1.043
667,2017,2017-04-17,"Eden Gardens, Kolkata",Delhi Capitals,Gujarat Titans,Gujarat Titans,field,Delhi Capitals,222,8,19.7,Gujarat Titans,133,8,14.6,Gujarat Titans,2,wickets,False,2.118,-2.118
668,2018,2018-04-21,"Wankhede Stadium, Mumbai",Rajasthan Royals,Chennai Super Kings,Rajasthan Royals,bat,Rajasthan Royals,187,7,19.7,Chennai Super Kings,136,8,18.6,Chennai Super Kings,2,wickets,True,2.166,-2.166
669,2018,2018-03-29,"Punjab Cricket Association Stadium, Mohali",Mumbai Indians,Gujarat Titans,Gujarat Titans,bat,Mumbai Indians,199,2,18.3,Gujarat Titans,146,8,17.4,Gujarat Titans,2,wickets,True,2.494,-2.494
670,2018,2018-03-06,"M.A. Chidambaram Stadium, Chennai",Rajasthan Royals,Gujarat Titans,Gujarat Titans,field,Rajasthan Royals,134,8,19.7,Gujarat Titans,198,2,11.2,Rajasthan Royals,64,runs,True,-10.942,10.942
671,2018,2018-04-07,"Sawai Mansingh Stadium, Jaipur",Lucknow Super Giants,Kolkata Knight Riders,Lucknow Super Giants,bat,Lucknow Super Giants,150,2,20.0,Kolkata Knight Riders,135,8,19.1,Kolkata Knight Riders,2,wickets,False,0.445,-0.445
672,2018,2018-04-03,"Sawai Mansingh Stadium, Jaipur",Rajasthan Royals,Sunrisers Hyderabad,Sunrisers Hyderabad,bat,Rajasthan Royals,202,8,20.0,Sunrisers Hyderabad,197,5,13.9,Sunrisers Hyderabad,5,wickets,True,-4.087,4.087
673,2018,2018-04-04,"Arun Jaitley Stadium, Delhi",Lucknow Super Giants,Royal Challengers Bengaluru,Royal Challengers Bengaluru,bat,Lucknow Super Giants,136,6,19.7,Royal Challengers Bengaluru,195,3,10.3,Lucknow Super Giants,59,runs,False,-12.071,12.071
674,2018,2018-04-26,"Narendra Modi Stadium, Ahmedabad",Lucknow Super Giants,Delhi Capitals,Lucknow Super Giants,field,Lucknow Super Giants,201,7,18.8,Delhi Capitals,122,2,14.0,Delhi Capitals,8,wickets,True,1.982,-1.982
675,2018,2018-03-24,"M. Chinnaswamy Stadium, Bengaluru",Royal Challengers Bengaluru,Rajasthan Royals,Royal Challengers Bengaluru,bat,Royal Challengers Bengaluru,184,3,19.8,Rajasthan Royals,91,1,10.1,Rajasthan Royals,9,wickets,False,0.291,-0.291
676,2018,2018-04-03,"Punjab Cricket Association Stadium, Mohali",Chennai Super Kings,Delhi Capitals,Delhi Capitals,bat,Chennai Super Kings,217,2,19.7,Delhi Capitals,90,2,10.3,Delhi Capitals,8,wickets,True,2.296,-2.296
677,2018,2018-03-18,"Narendra Modi Stadium, Ahmedabad",Gujarat Titans,Mumbai Indians,Mumbai Indians,bat,Gujarat Titans,131,3,18.7,Mumbai Indians,85,7,10.7,Mumbai Indians,3,wickets,False,-0.965,0.965
678,2018,2018-04-06,"Ekana Cricket Stadium, Lucknow",Punjab Kings,Chennai Super Kings,Chennai Super Kings,bat,Punjab Kings,167,2,19.1,Chennai Super Kings,83,6,11.4,Chennai Super Kings,4,wickets,True,1.472,-1.472
679,2018,2018-04-03,"Narendra Modi Stadium, Ahmedabad",Gujarat Titans,Rajasthan Royals,Rajasthan Royals,bat,Gujarat Titans,217,9,20.0,Rajasthan Royals,80,2,13.7,Rajasthan Royals,8,wickets,True,5.023,-5.023
680,2018,2018-03-01,"M. Chinnaswamy Stadium, Bengaluru",Kolkata Knight Riders,Rajasthan Royals,Kolkata Knight Riders,field,Kolkata Knight Riders,181,5,19.5,Rajasthan Royals,150,4,11.3,Rajasthan Royals,6,wickets,True,-3.983,3.983
681,2018,2018-04-16,"Eden Gardens, Kolkata",Royal Challengers Bengaluru,Mumbai Indians,Royal Challengers Bengaluru,field,Royal Challengers Bengaluru,139,4,18.1,Mumbai Indians,117,3,12.4,Mumbai Indians,7,wickets,False,-1.732,1.732
682,2018,2018-04-06,"M. Chinnaswamy Stadium, Bengaluru",Chennai Super Kings,Mumbai Indians,Chennai Super Kings,field,Chennai Super Kings,154,7,18.5,Mumbai Indians,121,3,12.5,Mumbai Indians,7,wickets,True,-1.392,1.392
683,2018,2018-03-23,"Sawai Mansingh Stadium, Jaipur",Chennai Super Kings,Sunrisers Hyderabad,Sunrisers Hyderabad,bat,Chennai Super Kings,202,3,18.2,Sunrisers Hyderabad,149,6,16.1,Sunrisers Hyderabad,4,wickets,True,1.861,-1.861
684,2018,2018-03-03,"Ekana Cricket Stadium, Lucknow",Punjab Kings,Kolkata Knight Riders,Kolkata Knight Riders,field,Punjab Kings,204,8,19.4,Kolkata Knight Riders,109,4,12.8,Kolkata Knight Riders,6,wickets,True,1.997,-1.997
685,2018,2018-03-26,"Wankhede Stadium, Mumbai",Rajasthan Royals,Lucknow Super Giants,Rajasthan Royals,bat,Rajasthan Royals,153,9,19.4,Lucknow Super Giants,80,6,13.4,Lucknow Super Giants,4,wickets,True,1.93,-1.93
686,2018,2018-04-13,"Punjab Cricket Association Stadium, Mohali",Sunrisers Hyderabad,Punjab Kings,Punjab Kings,bat,Sunrisers Hyderabad,226,4,19.4,Punjab Kings,179,9,14.2,Punjab Kings,1,wickets,True,-0.912,0.912
687,2018,2018-03-24,"Ekana Cricket Stadium, Lucknow",Rajasthan Royals,Sunrisers Hyderabad,Sunrisers Hyderabad,field,Rajasthan Royals,185,4,18.7,Sunrisers Hyderabad,228,4,10.4,Rajasthan Royals,43,runs,True,-12.122,12.122
688,2018,2018-03-04,"M.A. Chidambaram Stadium, Chennai",Delhi Capitals,Punjab Kings,Delhi Capitals,field,Delhi Capitals,122,7,18.5,Punjab Kings,186,6,16.1,Delhi Capitals,64,runs,True,-4.96,4.96
689,2018,2018-03-15,"Sawai Mansingh Stadium, Jaipur",Sunrisers Hyderabad,Chennai Super Kings,Chennai Super Kings,bat,Sunrisers Hyderabad,131,5,19.6,Chennai Super Kings,170,2,14.6,Sunrisers Hyderabad,39,runs,True,-4.953,4.953
690,2018,2018-03-25,"Arun Jaitley Stadium, Delhi",Rajasthan Royals,Kolkata Knight Riders,Rajasthan Royals,bat,Rajasthan Royals,151,3,19.4,Kolkata Knight Riders,138,4,12.9,Kolkata Knight Riders,6,wickets,False,-2.897,2.897
691,2018,2018-03-06,"Rajiv Gandhi International Stadium, Hyderabad",Mumbai Indians,Rajasthan Royals,Mumbai Indians,bat,Mumbai Indians,189,6,18.5,Rajasthan Royals,121,2,15.3,Rajasthan Royals,8,wickets,True,2.328,-2.328
692,2018,2018-03-10,"Sawai Mansingh Stadium, Jaipur",Lucknow Super Giants,Rajasthan Royals,Rajasthan Royals,bat,Lucknow Super Giants,150,6,18.3,Rajasthan Royals,164,5,11.1,Lucknow Super Giants,14,runs,True,-6.529,6.529
693,2018,2018-04-13,"Sawai Mansingh Stadium, Jaipur",Rajasthan Royals,Royal Challengers Bengaluru,Rajasthan Royals,field,Rajasthan Royals,225,5,19.6,Royal Challengers Bengaluru,202,3,13.5,Royal Challengers Bengaluru,7,wickets,False,-3.482,3.482
694,2018,2018-04-03,"Narendra Modi Stadium, Ahmedabad",Punjab Kings,Sunrisers Hyderabad,Punjab Kings,field,Punjab Kings,226,7,18.4,Sunrisers Hyderabad,143,1,17.9,Sunrisers Hyderabad,9,wickets,False,4.332,-4.332
695,2018,2018-03-27,"Ekana Cricket Stadium, Lucknow",Royal Challengers Bengaluru,Lucknow Super Giants,Royal Challengers Bengaluru,field,Royal Challengers Bengaluru,146,5,19.7,Lucknow Super Giants,107,2,14.3,Lucknow Super Giants,8,wickets,True,-0.062,0.062
696,2018,2018-03-21,"Punjab Cricket Association Stadium, Mohali",Delhi Capitals,Lucknow Super Giants,Lucknow Super Giants,bat,Delhi Capitals,224,5,18.5,Lucknow Super Giants,94,8,11.4,Lucknow Super Giants,2,wickets,False,3.857,-3.857
697,2018,2018-04-18,"Narendra Modi Stadium, Ahmedabad",Rajasthan Royals,Punjab Kings,Rajasthan Royals,bat,Rajasthan Royals,137,8,18.1,Punjab Kings,105,1,14.6,Punjab Kings,9,wickets,False,0.394,-0.394
698,2018,2018-04-08,"Wankhede Stadium, Mumbai",Mumbai Indians,Sunrisers Hyderabad,Mumbai Indians,field,Mumbai Indians,192,3,19.3,Sunrisers Hyderabad,108,7,10.6,Sunrisers Hyderabad,3,wickets,True,-0.254,0.254
699,2018,2018-04-21,"Wankhede Stadium, Mumbai",Kolkata Knight Riders,Punjab Kings,Punjab Kings,field,Kolkata Knight Riders,141,6,19.0,Punjab Kings,111,9,13.3,Punjab Kings,1,wickets,True,-0.9,0.9
700,2018,2018-03-28,"Ekana Cricket Stadium, Lucknow",Gujarat Titans,Lucknow Super Giants,Lucknow Super Giants,field,Gujarat Titans,190,3,19.6,Lucknow Super Giants,127,8,16.4,Lucknow Super Giants,2,wickets,False,1.975,-1.975
701,2018,2018-03-11,"Sawai Mansingh Stadium, Jaipur",Sunrisers Hyderabad,Royal Challengers Bengaluru,Royal Challengers Bengaluru,field,Sunrisers Hyderabad,186,3,19.4,Royal Challengers Bengaluru,206,1,16.9,Sunrisers Hyderabad,20,runs,True,-2.602,2.602
702,2018,2018-03-21,"M.A. Chidambaram Stadium, Chennai",Mumbai Indians,Sunrisers Hyderabad,Mumbai Indians,field,Mumbai Indians,124,9,18.3,Sunrisers Hyderabad,100,7,15.1,Sunrisers Hyderabad,3,wickets,True,0.133,-0.133
703,2018,2018-04-25,"Punjab Cricket Association Stadium, Mohali",Sunrisers Hyderabad,Rajasthan Royals,Rajasthan Royals,bat,Sunrisers Hyderabad,146,5,19.7,Rajasthan Royals,121,1,16.0,Rajasthan Royals,9,wickets,False,-0.174,0.174
704,2018,2018-04-11,"Sawai Mansingh Stadium, Jaipur",Delhi Capitals,Punjab Kings,Delhi Capitals,bat,Delhi Capitals,169,5,19.9,Punjab Kings,120,5,14.7,Punjab Kings,5,wickets,True,0.32,-0.32
705,2018,2018-03-09,"Eden Gardens, Kolkata",Royal Challengers Bengaluru,Rajasthan Royals,Royal Challengers Bengaluru,bat,Royal Challengers Bengaluru,184,7,19.7,Rajasthan Royals,229,9,18.8,Royal Challengers Bengaluru,45,runs,True,-2.857,2.857
706,2018,2018-03-13,"Ekana Cricket Stadium, Lucknow",Sunrisers Hyderabad,Punjab Kings,Sunrisers Hyderabad,field,Sunrisers Hyderabad,175,5,19.4,Punjab Kings,216,7,19.2,Sunrisers Hyderabad,41,runs,True,-2.223,2.223
707,2018,2018-04-16,"Sawai Mansingh Stadium, Jaipur",Sunrisers Hyderabad,Royal Challengers Bengaluru,Sunrisers Hyderabad,bat,Sunrisers Hyderabad,166,9,19.0,Royal Challengers Bengaluru,205,5,13.5,Sunrisers Hyderabad,39,runs,True,-6.476,6.476
708,2018,2018-03-02,"Narendra Modi Stadium, Ahmedabad",Kolkata Knight Riders,Chennai Super Kings,Chennai Super Kings,bat,Kolkata Knight Riders,188,5,18.4,Chennai Super Kings,137,5,17.0,Chennai Super Kings,5,wickets,True,2.162,-2.162
709,2018,2018-04-21,"Rajiv Gandhi International Stadium, Hyderabad",Lucknow Super Giants,Royal Challengers Bengaluru,Royal Challengers Bengaluru,bat,Lucknow Super Giants,190,3,18.6,Royal Challengers Bengaluru,180,8,12.9,Royal Challengers Bengaluru,2,wickets,True,-3.719,3.719
710,2018,2018-03-06,"Punjab Cricket Association Stadium, Mohali",Gujarat Titans,Chennai Super Kings,Gujarat Titans,field,Gujarat Titans,187,3,19.8,Chennai Super Kings,157,3,11.3,Chennai Super Kings,7,wickets,True,-4.448,4.448
711,2018,2018-03-17,"Punjab Cricket Association Stadium, Mohali",Kolkata Knight Riders,Chennai Super Kings,Chennai Super Kings,bat,Kolkata Knight Riders,141,3,19.2,Chennai Super Kings,89,7,17.9,Chennai Super Kings,3,wickets,False,2.38,-2.38
712,2018,2018-03-07,"M.A. Chidambaram Stadium, Chennai",Rajasthan Royals,Gujarat Titans,Rajasthan Royals,bat,Rajasthan Royals,131,2,19.0,Gujarat Titans,102,2,17.2,Gujarat Titans,8,wickets,True,0.961,-0.961
713,2018,2018-03-14,"M. Chinnaswamy Stadium, Bengaluru",Punjab Kings,Rajasthan Royals,Punjab Kings,bat,Punjab Kings,163,8,18.9,Rajasthan Royals,153,9,15.3,Rajasthan Royals,1,wickets,False,-1.333,1.333
714,2018,2018-04-01,"Narendra Modi Stadium, Ahmedabad",Lucknow Super Giants,Royal Challengers Bengaluru,Royal Challengers Bengaluru,field,Lucknow Super Giants,132,4,19.1,Royal Challengers Bengaluru,184,7,17.8,Lucknow Super Giants,52,runs,False,-3.393,3.393
715,2018,2018-04-18,"Eden Gardens, Kolkata",Chennai Super Kings,Royal Challengers Bengaluru,Chennai Super Kings,bat,Chennai Super Kings,222,3,18.8,Royal Challengers Bengaluru,168,4,11.1,Royal Challengers Bengaluru,6,wickets,True,-3.353,3.353
716,2018,2018-04-24,"Arun Jaitley Stadium, Delhi",Kolkata Knight Riders,Delhi Capitals,Delhi Capitals,bat,Kolkata Knight Riders,215,8,19.2,Delhi Capitals,192,5,19.1,Delhi Capitals,5,wickets,True,1.179,-1.179
717,2018,2018-04-15,"M.A. Chidambaram Stadium, Chennai",Royal Challengers Bengaluru,Sunrisers Hyderabad,Royal Challengers Bengaluru,field,Royal Challengers Bengaluru,176,5,19.4,Sunrisers Hyderabad,134,7,13.0,Sunrisers Hyderabad,3,wickets,False,-1.258,1.258
718,2018,2018-03-22,"Punjab Cricket Association Stadium, Mohali",Royal Challengers Bengaluru,Kolkata Knight Riders,Kolkata Knight Riders,field,Royal Challengers Bengaluru,201,5,19.4,Kolkata Knight Riders,201,5,17.1,Kolkata Knight Riders,5,wickets,False,-1.399,1.399
719,2018,2018-04-12,"M. Chinnaswamy Stadium, Bengaluru",Royal Challengers Bengaluru,Sunrisers Hyderabad,Royal Challengers Bengaluru,field,Royal Challengers Bengaluru,164,8,18.5,Sunrisers Hyderabad,209,7,19.5,Royal Challengers Bengaluru,45,runs,True,-1.831,1.831
720,2018,2018-03-11,"Ekana Cricket Stadium, Lucknow",Mumbai Indians,Punjab Kings,Punjab Kings,field,Mumbai Indians,183,2,18.1,Punjab Kings,215,8,14.2,Mumbai Indians,32,runs,False,-4.987,4.987
721,2018,2018-03-01,"Sawai Mansingh Stadium, Jaipur",Sunrisers Hyderabad,Punjab Kings,Punjab Kings,field,Sunrisers Hyderabad,207,7,19.9,Punjab Kings,190,8,12.5,Punjab Kings,2,wickets,True,-4.768,4.768
722,2018,2018-03-14,"M. Chinnaswamy Stadium, Bengaluru",Lucknow Super Giants,Royal Challengers Bengaluru,Royal Challengers Bengaluru,field,Lucknow Super Giants,156,8,18.3,Royal Challengers Bengaluru,128,8,10.1,Royal Challengers Bengaluru,2,wickets,True,-4.13,4.13
723,2018,2018-04-28,"Arun Jaitley Stadium, Delhi",Kolkata Knight Riders,Chennai Super Kings,Chennai Super Kings,field,Kolkata Knight Riders,127,4,19.2,Chennai Super Kings,159,8,17.7,Kolkata Knight Riders,32,runs,False,-2.339,2.339
724,2018,2018-03-14,"Arun Jaitley Stadium, Delhi",Royal Challengers Bengaluru,Mumbai Indians,Mumbai Indians,field,Royal Challengers Bengaluru,203,8,18.3,Mumbai Indians,197,2,17.5,Mumbai Indians,8,wickets,False,-0.149,0.149
725,2018,2018-03-10,"Punjab Cricket Association Stadium, Mohali",Delhi Capitals,Sunrisers Hyderabad,Sunrisers Hyderabad,bat,Delhi Capitals,157,4,19.9,Sunrisers Hyderabad,116,5,10.4,Sunrisers Hyderabad,5,wickets,False,-3.232,3.232
726,2018,2018-04-02,"Eden Gardens, Kolkata",Lucknow Super Giants,Chennai Super Kings,Lucknow Super Giants,bat,Lucknow Super Giants,121,6,18.2,Chennai Super Kings,123,3,19.9,Lucknow Super Giants,2,runs,True,0.487,-0.487
727,2018,2018-03-27,"M.A. Chidambaram Stadium, Chennai",Rajasthan Royals,Lucknow Super Giants,Rajasthan Royals,bat,Rajasthan Royals,224,6,19.0,Lucknow Super Giants,218,7,18.9,Lucknow Super Giants,3,wickets,False,0.262,-0.262
728,2018,2018-03-07,"M. Chinnaswamy Stadium, Bengaluru",Punjab Kings,Delhi Capitals,Punjab Kings,field,Punjab Kings,226,2,19.1,Delhi Capitals,86,7,12.8,Delhi Capitals,3,wickets,True,5.102,-5.102
729,2018,2018-03-14,"Wankhede Stadium, Mumbai",Mumbai Indians,Gujarat Titans,Gujarat Titans,bat,Mumbai Indians,135,5,19.7,Gujarat Titans,184,2,18.8,Mumbai Indians,49,runs,False,-2.961,2.961
730,2018,2018-04-27,"M.A. Chidambaram Stadium, Chennai",Kolkata Knight Riders,Rajasthan Royals,Rajasthan Royals,field,Kolkata Knight Riders,185,5,19.4,Rajasthan Royals,187,6,15.0,Kolkata Knight Riders,2,runs,True,-2.907,2.907
731,2018,2018-03-29,"Arun Jaitley Stadium, Delhi",Punjab Kings,Royal Challengers Bengaluru,Royal Challengers Bengaluru,field,Punjab Kings,149,6,18.9,Royal Challengers Bengaluru,114,6,14.4,Royal Challengers Bengaluru,4,wickets,True,0.001,-0.001
732,2018,2018-03-29,"Narendra Modi Stadium, Ahmedabad",Lucknow Super Giants,Mumbai Indians,Mumbai Indians,field,Lucknow Super Giants,187,7,18.4,Mumbai Indians,131,5,12.6,Mumbai Indians,5,wickets,False,-0.232,0.232
733,2018,2018-04-08,"Arun Jaitley Stadium, Delhi",Gujarat Titans,Sunrisers Hyderabad,Sunrisers Hyderabad,bat,Gujarat Titans,201,7,18.9,Sunrisers Hyderabad,126,8,20.0,Sunrisers Hyderabad,2,wickets,True,4.351,-4.351
734,2018,2018-03-04,"Wankhede Stadium, Mumbai",Royal Challengers Bengaluru,Gujarat Titans,Royal Challengers Bengaluru,bat,Royal Challengers Bengaluru,180,2,18.2,Gujarat Titans,229,3,11.6,Royal Challengers Bengaluru,49,runs,True,-9.869,9.869
735,2019,2019-03-29,"M. Chinnaswamy Stadium, Bengaluru",Gujarat Titans,Delhi Capitals,Delhi Capitals,bat,Gujarat Titans,153,2,19.4,Delhi Capitals,141,3,15.1,Delhi Capitals,7,wickets,False,-1.467,1.467
736,2019,2019-03-13,"Sawai Mansingh Stadium, Jaipur",Chennai Super Kings,Punjab Kings,Chennai Super Kings,field,Chennai Super Kings,223,3,18.5,Punjab Kings,167,8,12.7,Punjab Kings,2,wickets,False,-1.083,1.083
737,2019,2019-04-26,"Ekana Cricket Stadium, Lucknow",Mumbai Indians,Delhi Capitals,Delhi Capitals,field,Mumbai Indians,177,6,18.4,Delhi Capitals,136,7,16.8,Delhi Capitals,3,wickets,False,1.509,-1.509
738,2019,2019-04-24,"Rajiv Gandhi International Stadium, Hyderabad",Lucknow Super Giants,Delhi Capitals,Lucknow Super Giants,bat,Lucknow Super Giants,173,2,19.4,Delhi Capitals,128,8,13.9,Delhi Capitals,2,wickets,False,-0.32,0.32
739,2019,2019-04-20,"Eden Gardens, Kolkata",Delhi Capitals,Royal Challengers Bengaluru,Royal Challengers Bengaluru,field,Delhi Capitals,130,2,18.1,Royal Challengers Bengaluru,124,1,19.2,Royal Challengers Bengaluru,9,wickets,True,0.695,-0.695
740,2019,2019-03-13,"Punjab Cricket Association Stadium, Mohali",Delhi Capitals,Lucknow Super Giants,Lucknow Super Giants,field,Delhi Capitals,152,6,18.8,Lucknow Super Giants,99,6,19.6,Lucknow Super Giants,4,wickets,True,3.051,-3.051
741,2019,2019-03-06,"Narendra Modi Stadium, Ahmedabad",Kolkata Knight Riders,Lucknow Super Giants,Kolkata Knight Riders,bat,Kolkata Knight Riders,210,8,18.5,Lucknow Super Giants,187,7,18.1,Lucknow Super Giants,3,wickets,True,0.992,-0.992
742,2019,2019-04-26,"Eden Gardens, Kolkata",Gujarat Titans,Sunrisers Hyderabad,Gujarat Titans,bat,Gujarat Titans,190,6,18.9,Sunrisers Hyderabad,176,7,11.4,Sunrisers Hyderabad,3,wickets,True,-5.408,5.408
743,2019,2019-03-28,"Sawai Mansingh Stadium, Jaipur",Mumbai Indians,Delhi Capitals,Delhi Capitals,field,Mumbai Indians,135,9,19.2,Delhi Capitals,85,8,12.2,Delhi Capitals,2,wickets,True,0.084,-0.084
744,2019,2019-03-09,"Arun Jaitley Stadium, Delhi",Gujarat Titans,Sunrisers Hyderabad,Gujarat Titans,bat,Gujarat Titans,184,5,18.1,Sunrisers Hyderabad,108,9,18.2,Sunrisers Hyderabad,1,wickets,True,4.216,-4.216
745,2019,2019-03-14,"M.A. Chidambaram Stadium, Chennai",Kolkata Knight Riders,Punjab Kings,Kolkata Knight Riders,field,Kolkata Knight Riders,182,6,18.5,Punjab Kings,124,6,19.8,Punjab Kings,4,wickets,False,3.59,-3.59
746,2019,2019-03-19,"M.A. Chidambaram Stadium, Chennai",Rajasthan Royals,Gujarat Titans,Rajasthan Royals,field,Rajasthan Royals,184,6,18.3,Gujarat Titans,102,2,18.6,Gujarat Titans,8,wickets,True,4.552,-4.552
747,2019,2019-03-13,"Narendra Modi Stadium, Ahmedabad",Punjab Kings,Mumbai Indians,Mumbai Indians,field,Punjab Kings,164,8,19.3,Mumbai Indians,134,5,13.9,Mumbai Indians,5,wickets,True,-1.096,1.096
748,2019,2019-04-16,"Sawai Mansingh Stadium, Jaipur",Chennai Super Kings,Mumbai Indians,Chennai Super Kings,bat,Chennai Super Kings,155,2,18.6,Mumbai Indians,101,7,15.8,Mumbai Indians,3,wickets,True,1.955,-1.955
749,2019,2019-03-18,"Rajiv Gandhi International Stadium, Hyderabad",Gujarat Titans,Punjab Kings,Gujarat Titans,bat,Gujarat Titans,187,9,18.0,Punjab Kings,217,6,17.9,Gujarat Titans,30,runs,True,-1.734,1.734
750,2019,2019-03-21,"Wankhede Stadium, Mumbai",Kolkata Knight Riders,Chennai Super Kings,Chennai Super Kings,bat,Kolkata Knight Riders,225,2,18.2,Chennai Super Kings,135,6,15.3,Chennai Super Kings,4,wickets,True,3.517,-3.517
751,2019,2019-03-12,"M. Chinnaswamy Stadium, Bengaluru",Mumbai Indians,Chennai Super Kings,Mumbai Indians,field,Mumbai Indians,185,9,18.9,Chennai Super Kings,206,1,18.0,Mumbai Indians,21,runs,True,-1.652,1.652
752,2019,2019-03-14,"Wankhede Stadium, Mumbai",Gujarat Titans,Royal Challengers Bengaluru,Gujarat Titans,field,Gujarat Titans,185,9,19.4,Royal Challengers Bengaluru,178,3,16.4,Royal Challengers Bengaluru,7,wickets,True,-1.277,1.277
753,2019,2019-04-12,"Eden Gardens, Kolkata",Gujarat Titans,Rajasthan Royals,Gujarat Titans,bat,Gujarat Titans,129,6,18.9,Rajasthan Royals,216,9,15.2,Gujarat Titans,87,runs,True,-7.43,7.43
754,2019,2019-03-15,"Eden Gardens, Kolkata",Delhi Capitals,Mumbai Indians,Mumbai Indians,field,Delhi Capitals,150,5,18.8,Mumbai Indians,167,6,10.6,Delhi Capitals,17,runs,True,-7.75,7.75
755,2019,2019-03-19,"Rajiv Gandhi International Stadium, Hyderabad",Mumbai Indians,Rajasthan Royals,Rajasthan Royals,field,Mumbai Indians,146,8,18.7,Rajasthan Royals,198,3,17.1,Mumbai Indians,52,runs,True,-3.763,3.763
756,2019,2019-04-12,"Rajiv Gandhi International Stadium, Hyderabad",Chennai Super Kings,Delhi Capitals,Delhi Capitals,bat,Chennai Super Kings,132,6,18.3,Delhi Capitals,153,4,16.6,Chennai Super Kings,21,runs,True,-1.988,1.988
757,2019,2019-03-10,"Rajiv Gandhi International Stadium, Hyderabad",Gujarat Titans,Mumbai Indians,Mumbai Indians,field,Gujarat Titans,129,9,18.8,Mumbai Indians,208,8,11.7,Gujarat Titans,79,runs,False,-10.965,10.965
758,2019,2019-04-28,"Arun Jaitley Stadium, Delhi",Mumbai Indians,Chennai Super Kings,Mumbai Indians,bat,Mumbai Indians,204,7,18.4,Chennai Super Kings,98,2,19.7,Chennai Super Kings,8,wickets,True,6.122,-6.122
759,2019,2019-04-15,"Wankhede Stadium, Mumbai",Rajasthan Royals,Royal Challengers Bengaluru,Royal Challengers Bengaluru,field,Rajasthan Royals,160,6,18.0,Royal Challengers Bengaluru,176,8,16.2,Rajasthan Royals,16,runs,True,-1.99,1.99
760,2019,2019-04-26,"M. Chinnaswamy Stadium, Bengaluru",Punjab Kings,Delhi Capitals,Delhi Capitals,field,Punjab Kings,149,5,18.3,Delhi Capitals,119,1,16.4,Delhi Capitals,9,wickets,True,0.858,-0.858
761,2019,2019-04-06,"Ekana Cricket Stadium, Lucknow",Punjab Kings,Sunrisers Hyderabad,Punjab Kings,field,Punjab Kings,135,4,19.2,Sunrisers Hyderabad,198,1,12.2,Punjab Kings,63,runs,True,-9.177,9.177
762,2019,2019-03-10,"Ekana Cricket Stadium, Lucknow",Lucknow Super Giants,Kolkata Knight Riders,Kolkata Knight Riders,bat,Lucknow Super Giants,183,7,18.8,Kolkata Knight Riders,129,2,13.4,Kolkata Knight Riders,8,wickets,False,0.077,-0.077
763,2019,2019-03-16,"M.A. Chidambaram Stadium, Chennai",Royal Challengers Bengaluru,Delhi Capitals,Royal Challengers Bengaluru,bat,Royal Challengers Bengaluru,211,9,18.2,Delhi Capitals,93,3,15.3,Delhi Capitals,7,wickets,True,5.528,-5.528
764,2019,2019-03-15,"Punjab Cricket Association Stadium, Mohali",Mumbai Indians,Punjab Kings,Punjab Kings,field,Mumbai Indians,177,7,19.1,Punjab Kings,127,4,13.5,Punjab Kings,6,wickets,False,-0.156,0.156
765,2019,2019-04-28,"Eden Gardens, Kolkata",Gujarat Titans,Mumbai Indians,Mumbai Indians,field,Gujarat Titans,226,2,18.1,Mumbai Indians,211,6,14.0,Mumbai Indians,4,wickets,True,-2.627,2.627
766,2019,2019-04-07,"Sawai Mansingh Stadium, Jaipur",Punjab Kings,Lucknow Super Giants,Lucknow Super Giants,bat,Punjab Kings,207,6,19.3,Lucknow Super Giants,121,6,13.2,Lucknow Super Giants,4,wickets,False,1.595,-1.595
767,2019,2019-04-21,"M.A. Chidambaram Stadium, Chennai",Chennai Super Kings,Royal Challengers Bengaluru,Royal Challengers Bengaluru,field,Chennai Super Kings,184,2,19.2,Royal Challengers Bengaluru,158,9,13.6,Royal Challengers Bengaluru,1,wickets,True,-2.036,2.036
768,2019,2019-03-18,"Sawai Mansingh Stadium, Jaipur",Kolkata Knight Riders,Sunrisers Hyderabad,Sunrisers Hyderabad,field,Kolkata Knight Riders,149,7,19.6,Sunrisers Hyderabad,201,9,13.7,Kolkata Knight Riders,52,runs,True,-7.073,7.073
769,2019,2019-04-22,"Rajiv Gandhi International Stadium, Hyderabad",Punjab Kings,Delhi Capitals,Punjab Kings,field,Punjab Kings,209,9,18.7,Delhi Capitals,86,6,12.8,Delhi Capitals,4,wickets,True,4.46,-4.46
770,2019,2019-03-29,"Sawai Mansingh Stadium, Jaipur",Chennai Super Kings,Sunrisers Hyderabad,Chennai Super Kings,field,Chennai Super Kings,180,4,18.3,Sunrisers Hyderabad,131,3,19.1,Sunrisers Hyderabad,7,wickets,True,2.965,-2.965
771,2019,2019-04-02,"Rajiv Gandhi International Stadium, Hyderabad",Royal Challengers Bengaluru,Punjab Kings,Punjab Kings,field,Royal Challengers Bengaluru,149,7,19.3,Punjab Kings,86,7,19.1,Punjab Kings,3,wickets,True,3.212,-3.212
772,2019,2019-04-21,"Rajiv Gandhi International Stadium, Hyderabad",Royal Challengers Bengaluru,Sunrisers Hyderabad,Sunrisers Hyderabad,bat,Royal Challengers Bengaluru,175,6,19.2,Sunrisers Hyderabad,224,4,17.7,Royal Challengers Bengaluru,49,runs,True,-3.51,3.51
773,2019,2019-03-09,"Narendra Modi Stadium, Ahmedabad",Gujarat Titans,Sunrisers Hyderabad,Sunrisers Hyderabad,field,Gujarat Titans,198,9,18.2,Sunrisers Hyderabad,212,6,17.2,Gujarat Titans,14,runs,True,-1.491,1.491
774,2019,2019-04-17,"Eden Gardens, Kolkata",Delhi Capitals,Gujarat Titans,Delhi Capitals,field,Delhi Capitals,152,4,18.4,Gujarat Titans,197,6,14.0,Delhi Capitals,45,runs,False,-5.829,5.829
775,2019,2019-03-17,"M.A. Chidambaram Stadium, Chennai",Royal Challengers Bengaluru,Delhi Capitals,Delhi Capitals,field,Royal Challengers Bengaluru,209,6,19.5,Delhi Capitals,213,4,12.5,Royal Challengers Bengaluru,4,runs,True,-6.365,6.365
776,2019,2019-03-23,"Narendra Modi Stadium, Ahmedabad",Sunrisers Hyderabad,Mumbai Indians,Mumbai Indians,bat,Sunrisers Hyderabad,203,8,19.4,Mumbai Indians,173,9,19.7,Mumbai Indians,1,wickets,False,1.657,-1.657
777,2019,2019-04-27,"Punjab Cricket Association Stadium, Mohali",Gujarat Titans,Kolkata Knight Riders,Gujarat Titans,field,Gujarat Titans,208,2,18.0,Kolkata Knight Riders,165,1,11.3,Kolkata Knight Riders,9,wickets,False,-3.08,3.08
778,2019,2019-03-27,"Rajiv Gandhi International Stadium, Hyderabad",Royal Challengers Bengaluru,Delhi Capitals,Royal Challengers Bengaluru,field,Royal Challengers Bengaluru,215,7,18.8,Delhi Capitals,213,8,17.4,Delhi Capitals,2,wickets,True,-0.78,0.78
779,2019,2019-04-03,"Arun Jaitley Stadium, Delhi",Delhi Capitals,Rajasthan Royals,Delhi Capitals,field,Delhi Capitals,202,5,19.6,Rajasthan Royals,97,1,10.0,Rajasthan Royals,9,wickets,True,0.606,-0.606
780,2019,2019-03-17,"Wankhede Stadium, Mumbai",Gujarat Titans,Lucknow Super Giants,Gujarat Titans,field,Gujarat Titans,202,3,19.9,Lucknow Super Giants,156,4,10.3,Lucknow Super Giants,6,wickets,False,-5.053,5.053
781,2019,2019-04-18,"Ekana Cricket Stadium, Lucknow",Rajasthan Royals,Lucknow Super Giants,Lucknow Super Giants,bat,Rajasthan Royals,221,5,18.2,Lucknow Super Giants,111,5,16.0,Lucknow Super Giants,5,wickets,False,5.203,-5.203
782,2019,2019-04-22,"Wankhede Stadium, Mumbai",Gujarat Titans,Lucknow Super Giants,Lucknow Super Giants,bat,Gujarat Titans,149,3,18.2,Lucknow Super Giants,159,2,16.3,Gujarat Titans,10,runs,False,-1.614,1.614
783,2019,2019-03-12,"Ekana Cricket Stadium, Lucknow",Gujarat Titans,Royal Challengers Bengaluru,Gujarat Titans,field,Gujarat Titans,122,3,18.2,Royal Challengers Bengaluru,148,3,19.6,Gujarat Titans,26,runs,True,-0.829,0.829
784,2019,2019-03-12,"Arun Jaitley Stadium, Delhi",Kolkata Knight Riders,Royal Challengers Bengaluru,Kolkata Knight Riders,bat,Kolkata Knight Riders,227,9,18.4,Royal Challengers Bengaluru,159,4,14.3,Royal Challengers Bengaluru,6,wickets,False,1.185,-1.185
785,2019,2019-03-11,"M.A. Chidambaram Stadium, Chennai",Royal Challengers Bengaluru,Gujarat Titans,Gujarat Titans,field,Royal Challengers Bengaluru,153,5,18.3,Gujarat Titans,210,1,12.7,Royal Challengers Bengaluru,57,runs,False,-8.15,8.15
786,2019,2019-03-16,"Rajiv Gandhi International Stadium, Hyderabad",Chennai Super Kings,Gujarat Titans,Gujarat Titans,field,Chennai Super Kings,158,5,19.4,Gujarat Titans,93,6,12.2,Gujarat Titans,4,wickets,True,0.496,-0.496
787,2019,2019-03-24,"Sawai Mansingh Stadium, Jaipur",Sunrisers Hyderabad,Royal Challengers Bengaluru,Royal Challengers Bengaluru,bat,Sunrisers Hyderabad,169,9,18.2,Royal Challengers Bengaluru,122,9,18.1,Royal Challengers Bengaluru,1,wickets,True,2.526,-2.526
788,2019,2019-04-17,"Punjab Cricket Association Stadium, Mohali",Sunrisers Hyderabad,Royal Challengers Bengaluru,Royal Challengers Bengaluru,field,Sunrisers Hyderabad,138,7,18.5,Royal Challengers Bengaluru,97,2,13.3,Royal Challengers Bengaluru,8,wickets,True,0.139,-0.139
789,2019,2019-04-10,"Rajiv Gandhi International Stadium, Hyderabad",Gujarat Titans,Rajasthan Royals,Rajasthan Royals,field,Gujarat Titans,123,4,19.0,Rajasthan Royals,122,4,12.3,Rajasthan Royals,6,wickets,False,-3.391,3.391
790,2019,2019-03-05,"Arun Jaitley Stadium, Delhi",Sunrisers Hyderabad,Royal Challengers Bengaluru,Royal Challengers Bengaluru,bat,Sunrisers Hyderabad,207,4,18.1,Royal Challengers Bengaluru,223,6,15.7,Sunrisers Hyderabad,16,runs,True,-2.777,2.777
791,2019,2019-04-07,"Arun Jaitley Stadium, Delhi",Gujarat Titans,Lucknow Super Giants,Lucknow Super Giants,field,Gujarat Titans,126,6,19.6,Lucknow Super Giants,169,9,13.8,Gujarat Titans,43,runs,True,-5.798,5.798
792,2019,2019-04-14,"Eden Gardens, Kolkata",Royal Challengers Bengaluru,Punjab Kings,Punjab Kings,bat,Royal Challengers Bengaluru,152,9,19.7,Punjab Kings,112,3,20.0,Punjab Kings,7,wickets,True,2.095,-2.095
793,2019,2019-04-04,"Eden Gardens, Kolkata",Gujarat Titans,Sunrisers Hyderabad,Sunrisers Hyderabad,bat,Gujarat Titans,167,7,18.3,Sunrisers Hyderabad,227,4,13.1,Gujarat Titans,60,runs,True,-8.191,8.191
794,2019,2019-04-21,"Rajiv Gandhi International Stadium, Hyderabad",Royal Challengers Bengaluru,Rajasthan Royals,Rajasthan Royals,bat,Royal Challengers Bengaluru,186,5,19.4,Rajasthan Royals,117,7,10.9,Rajasthan Royals,3,wickets,True,-1.111,1.111
795,2019,2019-04-24,"Rajiv Gandhi International Stadium, Hyderabad",Kolkata Knight Riders,Chennai Super Kings,Kolkata Knight Riders,field,Kolkata Knight Riders,153,6,19.1,Chennai Super Kings,92,7,20.0,Chennai Super Kings,3,wickets,True,3.402,-3.402
796,2019,2019-03-24,"Narendra Modi Stadium, Ahmedabad",Sunrisers Hyderabad,Chennai Super Kings,Chennai Super Kings,field,Sunrisers Hyderabad,169,3,18.3,Chennai Super Kings,228,6,14.5,Sunrisers Hyderabad,59,runs,True,-6.512,6.512
797,2019,2019-03-22,"Sawai Mansingh Stadium, Jaipur",Lucknow Super Giants,Mumbai Indians,Lucknow Super Giants,field,Lucknow Super Giants,192,3,19.1,Mumbai Indians,149,1,15.0,Mumbai Indians,9,wickets,True,0.16,-0.16
798,2019,2019-04-13,"Eden Gardens, Kolkata",Chennai Super Kings,Punjab Kings,Chennai Super Kings,bat,Chennai Super Kings,159,2,19.9,Punjab Kings,227,9,13.3,Chennai Super Kings,68,runs,False,-9.159,9.159
799,2019,2019-03-16,"Eden Gardens, Kolkata",Punjab Kings,Kolkata Knight Riders,Punjab Kings,bat,Punjab Kings,124,5,18.5,Kolkata Knight Riders,176,3,11.6,Punjab Kings,52,runs,True,-8.439,8.439
800,2019,2019-04-21,"Arun Jaitley Stadium, Delhi",Rajasthan Royals,Royal Challengers Bengaluru,Rajasthan Royals,bat,Rajasthan Royals,162,8,19.9,Royal Challengers Bengaluru,172,2,18.8,Rajasthan Royals,10,runs,True,-0.994,0.994
801,2020,2020-04-06,"Eden Gardens, Kolkata",Kolkata Knight Riders,Mumbai Indians,Mumbai Indians,bat,Kolkata Knight Riders,179,9,19.2,Mumbai Indians,229,4,15.4,Kolkata Knight Riders,50,runs,False,-5.517,5.517
802,2020,2020-04-21,"Arun Jaitley Stadium, Delhi",Kolkata Knight Riders,Punjab Kings,Punjab Kings,field,Kolkata Knight Riders,223,7,19.2,Punjab Kings,161,8,10.7,Punjab Kings,2,wickets,True,-3.458,3.458
803,2020,2020-04-01,"M.A. Chidambaram Stadium, Chennai",Royal Challengers Bengaluru,Gujarat Titans,Royal Challengers Bengaluru,bat,Royal Challengers Bengaluru,168,3,19.0,Gujarat Titans,199,2,16.6,Royal Challengers Bengaluru,31,runs,False,-3.173,3.173
804,2020,2020-04-23,"M.A. Chidambaram Stadium, Chennai",Royal Challengers Bengaluru,Kolkata Knight Riders,Kolkata Knight Riders,field,Royal Challengers Bengaluru,225,4,18.4,Kolkata Knight Riders,195,2,13.7,Kolkata Knight Riders,8,wickets,True,-1.995,1.995
805,2020,2020-03-14,"Punjab Cricket Association Stadium, Mohali",Gujarat Titans,Kolkata Knight Riders,Kolkata Knight Riders,bat,Gujarat Titans,161,8,19.1,Kolkata Knight Riders,95,3,17.0,Kolkata Knight Riders,7,wickets,True,2.836,-2.836
806,2020,2020-03-18,"Narendra Modi Stadium, Ahmedabad",Lucknow Super Giants,Punjab Kings,Lucknow Super Giants,bat,Lucknow Super Giants,213,8,19.2,Punjab Kings,172,5,15.1,Punjab Kings,5,wickets,True,-0.268,0.268
807,2020,2020-04-16,"Wankhede Stadium, Mumbai",Punjab Kings,Delhi Capitals,Punjab Kings,bat,Punjab Kings,163,9,19.4,Delhi Capitals,132,1,18.8,Delhi Capitals,9,wickets,True,1.386,-1.386
808,2020,2020-04-27,"Arun Jaitley Stadium, Delhi",Chennai Super Kings,Mumbai Indians,Chennai Super Kings,bat,Chennai Super Kings,226,4,19.3,Mumbai Indians,134,9,13.6,Mumbai Indians,1,wickets,True,1.867,-1.867
809,2020,2020-03-21,"M. Chinnaswamy Stadium, Bengaluru",Kolkata Knight Riders,Mumbai Indians,Mumbai Indians,field,Kolkata Knight Riders,145,8,18.8,Mumbai Indians,133,6,16.1,Mumbai Indians,4,wickets,True,-0.531,0.531
810,2020,2020-04-06,"M.A. Chidambaram Stadium, Chennai",Mumbai Indians,Lucknow Super Giants,Lucknow Super Giants,bat,Mumbai Indians,136,9,19.8,Lucknow Super Giants,132,8,11.2,Lucknow Super Giants,2,wickets,True,-4.961,4.961
811,2020,2020-04-27,"M. Chinnaswamy Stadium, Bengaluru",Kolkata Knight Riders,Chennai Super Kings,Kolkata Knight Riders,field,Kolkata Knight Riders,207,3,19.3,Chennai Super Kings,174,9,16.9,Chennai Super Kings,1,wickets,False,0.416,-0.416
812,2020,2020-04-23,"Sawai Mansingh Stadium, Jaipur",Punjab Kings,Kolkata Knight Riders,Kolkata Knight Riders,field,Punjab Kings,132,9,19.0,Kolkata Knight Riders,131,5,14.5,Kolkata Knight Riders,5,wickets,False,-2.055,2.055
813,2020,2020-04-26,"Eden Gardens, Kolkata",Chennai Super Kings,Punjab Kings,Chennai Super Kings,bat,Chennai Super Kings,181,4,18.8,Punjab Kings,188,6,13.1,Chennai Super Kings,7,runs,False,-4.711,4.711
814,2020,2020-04-11,"Sawai Mansingh Stadium, Jaipur",Lucknow Super Giants,Mumbai Indians,Mumbai Indians,bat,Lucknow Super Giants,142,2,18.1,Mumbai Indians,152,4,19.3,Lucknow Super Giants,10,runs,True,-0.018,0.018
815,2020,2020-04-12,"Sawai Mansingh Stadium, Jaipur",Lucknow Super Giants,Chennai Super Kings,Lucknow Super Giants,bat,Lucknow Super Giants,189,5,18.4,Chennai Super Kings,92,8,13.6,Chennai Super Kings,2,wickets,True,3.5,-3.5
816,2020,2020-03-02,"Punjab Cricket Association Stadium, Mohali",Lucknow Super Giants,Gujarat Titans,Gujarat Titans,bat,Lucknow Super Giants,123,3,19.8,Gujarat Titans,99,5,12.9,Gujarat Titans,5,wickets,True,-1.493,1.493
817,2020,2020-04-28,"Arun Jaitley Stadium, Delhi",Kolkata Knight Riders,Lucknow Super Giants,Kolkata Knight Riders,bat,Kolkata Knight Riders,200,5,18.5,Lucknow Super Giants,127,2,10.4,Lucknow Super Giants,8,wickets,False,-1.454,1.454
818,2020,2020-04-23,"Sawai Mansingh Stadium, Jaipur",Delhi Capitals,Punjab Kings,Punjab Kings,bat,Delhi Capitals,210,7,18.3,Punjab Kings,82,3,16.6,Punjab Kings,7,wickets,True,6.534,-6.534
819,2020,2020-03-09,"Narendra Modi Stadium, Ahmedabad",Gujarat Titans,Punjab Kings,Gujarat Titans,bat,Gujarat Titans,136,2,18.3,Punjab Kings,205,8,19.1,Gujarat Titans,69,runs,True,-3.296,3.296
820,2020,2020-03-11,"Arun Jaitley Stadium, Delhi",Mumbai Indians,Gujarat Titans,Mumbai Indians,field,Mumbai Indians,152,6,18.3,Gujarat Titans,89,1,19.6,Gujarat Titans,9,wickets,True,3.762,-3.762
821,2020,2020-03-01,"Eden Gardens, Kolkata",Rajasthan Royals,Kolkata Knight Riders,Kolkata Knight Riders,field,Rajasthan Royals,142,2,18.2,Kolkata Knight Riders,114,8,15.5,Kolkata Knight Riders,2,wickets,False,0.428,-0.428
822,2020,2020-04-10,"M. Chinnaswamy Stadium, Bengaluru",Rajasthan Royals,Royal Challengers Bengaluru,Rajasthan Royals,bat,Rajasthan Royals,134,3,19.5,Royal Challengers Bengaluru,213,8,19.0,Rajasthan Royals,79,runs,True,-4.341,4.341
823,2020,2020-03-28,"Rajiv Gandhi International Stadium, Hyderabad",Lucknow Super Giants,Delhi Capitals,Delhi Capitals,field,Lucknow Super Giants,159,4,18.6,Delhi Capitals,191,5,15.4,Lucknow Super Giants,32,runs,False,-3.857,3.857
824,2020,2020-03-25,"Arun Jaitley Stadium, Delhi",Punjab Kings,Delhi Capitals,Delhi Capitals,bat,Punjab Kings,209,8,19.5,Delhi Capitals,189,1,15.9,Delhi Capitals,9,wickets,True,-1.118,1.118
825,2020,2020-03-22,"Narendra Modi Stadium, Ahmedabad",Royal Challengers Bengaluru,Rajasthan Royals,Rajasthan Royals,bat,Royal Challengers Bengaluru,143,2,18.2,Rajasthan Royals,159,2,12.8,Royal Challengers Bengaluru,16,runs,True,-4.543,4.543
826,2020,2020-04-04,"Ekana Cricket Stadium, Lucknow",Rajasthan Royals,Chennai Super Kings,Chennai Super Kings,bat,Rajasthan Royals,154,6,19.9,Chennai Super Kings,219,8,16.5,Rajasthan Royals,65,runs,True,-5.535,5.535
827,2020,2020-04-21,"Sawai Mansingh Stadium, Jaipur",Mumbai Indians,Sunrisers Hyderabad,Sunrisers Hyderabad,bat,Mumbai Indians,172,4,18.4,Sunrisers Hyderabad,143,9,18.8,Sunrisers Hyderabad,1,wickets,True,1.718,-1.718
828,2020,2020-04-10,"Wankhede Stadium, Mumbai",Punjab Kings,Chennai Super Kings,Chennai Super Kings,field,Punjab Kings,203,7,18.7,Chennai Super Kings,169,5,14.9,Chennai Super Kings,5,wickets,False,-0.516,0.516
829,2020,2020-04-14,"Punjab Cricket Association Stadium, Mohali",Rajasthan Royals,Royal Challengers Bengaluru,Royal Challengers Bengaluru,field,Rajasthan Royals,151,6,19.5,Royal Challengers Bengaluru,173,8,11.1,Rajasthan Royals,22,runs,True,-7.778,7.778
830,2020,2020-03-18,"Wankhede Stadium, Mumbai",Chennai Super Kings,Delhi Capitals,Delhi Capitals,field,Chennai Super Kings,183,9,18.0,Delhi Capitals,182,2,11.8,Delhi Capitals,8,wickets,True,-5.258,5.258
831,2020,2020-03-13,"Narendra Modi Stadium, Ahmedabad",Kolkata Knight Riders,Chennai Super Kings,Kolkata Knight Riders,bat,Kolkata Knight Riders,209,5,18.8,Chennai Super Kings,147,5,14.8,Chennai Super Kings,5,wickets,False,1.201,-1.201
832,2020,2020-04-01,"Arun Jaitley Stadium, Delhi",Kolkata Knight Riders,Lucknow Super Giants,Kolkata Knight Riders,field,Kolkata Knight Riders,122,6,19.5,Lucknow Super Giants,136,3,17.9,Kolkata Knight Riders,14,runs,False,-1.352,1.352
833,2020,2020-04-10,"Wankhede Stadium, Mumbai",Chennai Super Kings,Rajasthan Royals,Chennai Super Kings,field,Chennai Super Kings,169,9,19.5,Rajasthan Royals,93,1,19.0,Rajasthan Royals,9,wickets,True,3.758,-3.758
834,2020,2020-04-22,"Punjab Cricket Association Stadium, Mohali",Punjab Kings,Delhi Capitals,Punjab Kings,bat,Punjab Kings,128,6,19.5,Delhi Capitals,165,2,14.4,Punjab Kings,37,runs,True,-4.852,4.852
835,2020,2020-03-21,"Narendra Modi Stadium, Ahmedabad",Kolkata Knight Riders,Lucknow Super Giants,Lucknow Super Giants,field,Kolkata Knight Riders,123,6,19.2,Lucknow Super Giants,185,5,10.6,Kolkata Knight Riders,62,runs,True,-11.059,11.059
836,2020,2020-04-05,"Narendra Modi Stadium, Ahmedabad",Delhi Capitals,Sunrisers Hyderabad,Delhi Capitals,field,Delhi Capitals,220,4,18.0,Sunrisers Hyderabad,212,1,13.5,Sunrisers Hyderabad,9,wickets,True,-3.487,3.487
837,2020,2020-03-12,"M. Chinnaswamy Stadium, Bengaluru",Chennai Super Kings,Royal Challengers Bengaluru,Royal Challengers Bengaluru,field,Chennai Super Kings,195,8,18.8,Royal Challengers Bengaluru,215,2,11.1,Chennai Super Kings,20,runs,False,-8.962,8.962
838,2020,2020-04-12,"Eden Gardens, Kolkata",Mumbai Indians,Punjab Kings,Punjab Kings,field,Mumbai Indians,187,6,19.6,Punjab Kings,96,2,12.7,Punjab Kings,8,wickets,True,1.948,-1.948
839,2020,2020-03-26,"Ekana Cricket Stadium, Lucknow",Punjab Kings,Chennai Super Kings,Punjab Kings,field,Punjab Kings,219,4,19.1,Chennai Super Kings,120,1,11.1,Chennai Super Kings,9,wickets,False,0.7,-0.7
840,2020,2020-03-26,"M. Chinnaswamy Stadium, Bengaluru",Delhi Capitals,Punjab Kings,Punjab Kings,bat,Delhi Capitals,189,7,19.8,Punjab Kings,83,3,13.2,Punjab Kings,7,wickets,True,3.246,-3.246
841,2020,2020-03-27,"M. Chinnaswamy Stadium, Bengaluru",Lucknow Super Giants,Sunrisers Hyderabad,Lucknow Super Giants,bat,Lucknow Super Giants,125,5,18.6,Sunrisers Hyderabad,227,8,10.4,Lucknow Super Giants,102,runs,True,-15.174,15.174
842,2020,2020-04-01,"Punjab Cricket Association Stadium, Mohali",Lucknow Super Giants,Kolkata Knight Riders,Lucknow Super Giants,field,Lucknow Super Giants,186,2,18.7,Kolkata Knight Riders,81,1,19.8,Kolkata Knight Riders,9,wickets,True,5.848,-5.848
843,2020,2020-03-05,"Eden Gardens, Kolkata",Punjab Kings,Mumbai Indians,Punjab Kings,bat,Punjab Kings,195,8,18.3,Mumbai Indians,215,8,15.5,Punjab Kings,20,runs,True,-3.188,3.188
844,2020,2020-04-26,"Punjab Cricket Association Stadium, Mohali",Delhi Capitals,Lucknow Super Giants,Delhi Capitals,bat,Delhi Capitals,124,4,19.8,Lucknow Super Giants,218,8,18.1,Delhi Capitals,94,runs,True,-5.777,5.777
845,2020,2020-03-27,"Rajiv Gandhi International Stadium, Hyderabad",Delhi Capitals,Royal Challengers Bengaluru,Royal Challengers Bengaluru,bat,Delhi Capitals,164,6,20.0,Royal Challengers Bengaluru,95,9,15.1,Royal Challengers Bengaluru,1,wickets,True,1.921,-1.921
846,2020,2020-03-13,"Rajiv Gandhi International Stadium, Hyderabad",Mumbai Indians,Lucknow Super Giants,Mumbai Indians,bat,Mumbai Indians,163,4,19.8,Lucknow Super Giants,144,7,17.4,Lucknow Super Giants,3,wickets,True,-0.03,0.03
847,2020,2020-03-04,"Narendra Modi Stadium, Ahmedabad",Royal Challengers Bengaluru,Rajasthan Royals,Royal Challengers Bengaluru,bat,Royal Challengers Bengaluru,176,7,19.5,Rajasthan Royals,222,8,13.2,Royal Challengers Bengaluru,46,runs,True,-7.772,7.772
848,2020,2020-04-21,"Sawai Mansingh Stadium, Jaipur",Punjab Kings,Chennai Super Kings,Punjab Kings,bat,Punjab Kings,138,9,19.8,Chennai Super Kings,223,1,18.4,Punjab Kings,85,runs,True,-5.162,5.162
849,2020,2020-03-01,"Arun Jaitley Stadium, Delhi",Gujarat Titans,Lucknow Super Giants,Gujarat Titans,bat,Gujarat Titans,197,2,19.0,Lucknow Super Giants,197,9,15.7,Lucknow Super Giants,1,wickets,True,-2.155,2.155
850,2020,2020-04-21,"Eden Gardens, Kolkata",Lucknow Super Giants,Punjab Kings,Punjab Kings,field,Lucknow Super Giants,200,7,18.5,Punjab Kings,150,1,13.9,Punjab Kings,9,wickets,True,-0.024,0.024
851,2020,2020-03-05,"M. Chinnaswamy Stadium, Bengaluru",Punjab Kings,Gujarat Titans,Punjab Kings,field,Punjab Kings,227,2,18.4,Gujarat Titans,111,7,17.9,Gujarat Titans,3,wickets,True,6.129,-6.129
852,2020,2020-03-11,"Sawai Mansingh Stadium, Jaipur",Kolkata Knight Riders,Delhi Capitals,Kolkata Knight Riders,field,Kolkata Knight Riders,219,7,19.9,Delhi Capitals,151,2,14.5,Delhi Capitals,8,wickets,True,0.614,-0.614
853,2020,2020-03-08,"Arun Jaitley Stadium, Delhi",Kolkata Knight Riders,Punjab Kings,Punjab Kings,field,Kolkata Knight Riders,147,3,19.9,Punjab Kings,171,4,14.7,Kolkata Knight Riders,24,runs,True,-4.251,4.251
854,2020,2020-04-25,"Ekana Cricket Stadium, Lucknow",Lucknow Super Giants,Delhi Capitals,Delhi Capitals,field,Lucknow Super Giants,162,9,19.3,Delhi Capitals,164,5,18.5,Lucknow Super Giants,2,runs,False,-0.485,0.485
855,2020,2020-03-08,"Punjab Cricket Association Stadium, Mohali",Rajasthan Royals,Punjab Kings,Punjab Kings,bat,Rajasthan Royals,164,4,18.1,Punjab Kings,92,4,14.1,Punjab Kings,6,wickets,False,2.547,-2.547
856,2020,2020-04-19,"Eden Gardens, Kolkata",Delhi Capitals,Royal Challengers Bengaluru,Royal Challengers Bengaluru,field,Delhi Capitals,143,2,19.2,Royal Challengers Bengaluru,223,2,15.3,Delhi Capitals,80,runs,True,-7.127,7.127
857,2020,2020-04-13,"Arun Jaitley Stadium, Delhi",Mumbai Indians,Rajasthan Royals,Mumbai Indians,bat,Mumbai Indians,192,5,18.7,Rajasthan Royals,130,6,14.3,Rajasthan Royals,4,wickets,True,1.182,-1.182
858,2020,2020-04-26,"M. Chinnaswamy Stadium, Bengaluru",Lucknow Super Giants,Royal Challengers Bengaluru,Royal Challengers Bengaluru,bat,Lucknow Super Giants,122,6,19.7,Royal Challengers Bengaluru,192,7,14.4,Lucknow Super Giants,70,runs,False,-7.149,7.149
859,2020,2020-04-19,"Eden Gardens, Kolkata",Royal Challengers Bengaluru,Mumbai Indians,Mumbai Indians,field,Royal Challengers Bengaluru,224,5,18.2,Mumbai Indians,135,3,16.0,Mumbai Indians,7,wickets,False,3.846,-3.846
860,2020,2020-03-13,"Eden Gardens, Kolkata",Rajasthan Royals,Sunrisers Hyderabad,Sunrisers Hyderabad,bat,Rajasthan Royals,127,8,18.8,Sunrisers Hyderabad,162,7,14.4,Rajasthan Royals,35,runs,False,-4.49,4.49
861,2020,2020-03-09,"Sawai Mansingh Stadium, Jaipur",Rajasthan Royals,Delhi Capitals,Delhi Capitals,field,Rajasthan Royals,192,9,19.6,Delhi Capitals,184,6,15.4,Delhi Capitals,4,wickets,True,-2.128,2.128
862,2020,2020-04-01,"Narendra Modi Stadium, Ahmedabad",Gujarat Titans,Delhi Capitals,Delhi Capitals,bat,Gujarat Titans,141,9,19.7,Delhi Capitals,218,4,19.1,Gujarat Titans,77,runs,False,-4.261,4.261
863,2020,2020-04-22,"Arun Jaitley Stadium, Delhi",Kolkata Knight Riders,Royal Challengers Bengaluru,Royal Challengers Bengaluru,bat,Kolkata Knight Riders,200,9,18.5,Royal Challengers Bengaluru,181,3,16.3,Royal Challengers Bengaluru,7,wickets,False,-0.266,0.266
864,2020,2020-04-13,"Ekana Cricket Stadium, Lucknow",Kolkata Knight Riders,Chennai Super Kings,Chennai Super Kings,field,Kolkata Knight Riders,168,2,18.2,Chennai Super Kings,198,1,19.5,Kolkata Knight Riders,30,runs,True,-0.902,0.902
865,2020,2020-03-11,"Narendra Modi Stadium, Ahmedabad",Royal Challengers Bengaluru,Rajasthan Royals,Rajasthan Royals,bat,Royal Challengers Bengaluru,177,7,19.5,Rajasthan Royals,110,3,15.0,Rajasthan Royals,7,wickets,False,1.755,-1.755
866,2020,2020-04-12,"Punjab Cricket Association Stadium, Mohali",Lucknow Super Giants,Sunrisers Hyderabad,Sunrisers Hyderabad,field,Lucknow Super Giants,194,6,18.5,Sunrisers Hyderabad,134,7,15.0,Sunrisers Hyderabad,3,wickets,False,1.569,-1.569
867,2020,2020-04-11,"Rajiv Gandhi International Stadium, Hyderabad",Punjab Kings,Sunrisers Hyderabad,Punjab Kings,bat,Punjab Kings,217,9,18.8,Sunrisers Hyderabad,94,3,12.0,Sunrisers Hyderabad,7,wickets,True,3.702,-3.702
868,2021,2021-04-18,"M. Chinnaswamy Stadium, Bengaluru",Rajasthan Royals,Punjab Kings,Punjab Kings,field,Rajasthan Royals,177,8,18.7,Punjab Kings,124,9,10.3,Punjab Kings,1,wickets,False,-2.556,2.556
869,2021,2021-04-19,"M. Chinnaswamy Stadium, Bengaluru",Punjab Kings,Sunrisers Hyderabad,Sunrisers Hyderabad,field,Punjab Kings,179,4,19.1,Sunrisers Hyderabad,131,6,19.7,Sunrisers Hyderabad,4,wickets,True,2.727,-2.727
870,2021,2021-04-06,"Eden Gardens, Kolkata",Delhi Capitals,Lucknow Super Giants,Delhi Capitals,bat,Delhi Capitals,182,9,18.4,Lucknow Super Giants,218,8,11.5,Delhi Capitals,36,runs,True,-9.129,9.129
871,2021,2021-03-22,"Punjab Cricket Association Stadium, Mohali",Lucknow Super Giants,Chennai Super Kings,Lucknow Super Giants,bat,Lucknow Super Giants,165,7,19.2,Chennai Super Kings,145,4,12.6,Chennai Super Kings,6,wickets,True,-2.911,2.911
872,2021,2021-04-09,"Narendra Modi Stadium, Ahmedabad",Royal Challengers Bengaluru,Kolkata Knight Riders,Royal Challengers Bengaluru,bat,Royal Challengers Bengaluru,198,2,19.2,Kolkata Knight Riders,181,1,12.8,Kolkata Knight Riders,9,wickets,True,-3.865,3.865
873,2021,2021-03-06,"Rajiv Gandhi International Stadium, Hyderabad",Royal Challengers Bengaluru,Rajasthan Royals,Royal Challengers Bengaluru,field,Royal Challengers Bengaluru,195,8,19.2,Rajasthan Royals,216,5,12.6,Royal Challengers Bengaluru,21,runs,True,-6.95,6.95
874,2021,2021-04-14,"Narendra Modi Stadium, Ahmedabad",Royal Challengers Bengaluru,Lucknow Super Giants,Royal Challengers Bengaluru,field,Royal Challengers Bengaluru,202,6,18.1,Lucknow Super Giants,184,2,15.0,Lucknow Super Giants,8,wickets,True,-1.093,1.093
875,2021,2021-03-16,"M.A. Chidambaram Stadium, Chennai",Royal Challengers Bengaluru,Mumbai Indians,Mumbai Indians,field,Royal Challengers Bengaluru,195,7,18.1,Mumbai Indians,228,1,12.6,Royal Challengers Bengaluru,33,runs,False,-7.283,7.283
876,2021,2021-04-21,"Punjab Cricket Association Stadium, Mohali",Chennai Super Kings,Gujarat Titans,Chennai Super Kings,field,Chennai Super Kings,124,9,19.9,Gujarat Titans,98,3,10.3,Gujarat Titans,7,wickets,True,-3.288,3.288
877,2021,2021-03-03,"Eden Gardens, Kolkata",Mumbai Indians,Lucknow Super Giants,Lucknow Super Giants,bat,Mumbai Indians,159,3,19.4,Lucknow Super Giants,150,6,15.4,Lucknow Super Giants,4,wickets,True,-1.578,1.578
878,2021,2021-04-19,"Eden Gardens, Kolkata",Punjab Kings,Chennai Super Kings,Chennai Super Kings,field,Punjab Kings,171,6,18.1,Chennai Super Kings,194,9,13.1,Punjab Kings,23,runs,True,-5.443,5.443
879,2021,2021-04-29,"Punjab Cricket Association Stadium, Mohali",Lucknow Super Giants,Sunrisers Hyderabad,Sunrisers Hyderabad,field,Lucknow Super Giants,158,3,19.2,Sunrisers Hyderabad,223,8,15.1,Lucknow Super Giants,65,runs,True,-6.565,6.565
880,2021,2021-03-13,"Sawai Mansingh Stadium, Jaipur",Chennai Super Kings,Lucknow Super Giants,Chennai Super Kings,field,Chennai Super Kings,221,9,20.0,Lucknow Super Giants,187,8,10.5,Lucknow Super Giants,2,wickets,True,-6.722,6.722
881,2021,2021-03-01,"Eden Gardens, Kolkata",Delhi Capitals,Punjab Kings,Punjab Kings,field,Delhi Capitals,223,6,19.7,Punjab Kings,91,2,11.8,Punjab Kings,8,wickets,True,3.645,-3.645
882,2021,2021-04-07,"M. Chinnaswamy Stadium, Bengaluru",Chennai Super Kings,Punjab Kings,Chennai Super Kings,field,Chennai Super Kings,206,2,18.3,Punjab Kings,118,6,13.1,Punjab Kings,4,wickets,False,2.194,-2.194
883,2021,2021-04-28,"Punjab Cricket Association Stadium, Mohali",Royal Challengers Bengaluru,Mumbai Indians,Mumbai Indians,bat,Royal Challengers Bengaluru,200,4,19.4,Mumbai Indians,111,5,16.0,Mumbai Indians,5,wickets,False,3.373,-3.373
884,2021,2021-04-20,"M. Chinnaswamy Stadium, Bengaluru",Mumbai Indians,Rajasthan Royals,Mumbai Indians,field,Mumbai Indians,226,7,19.2,Rajasthan Royals,122,8,10.6,Rajasthan Royals,2,wickets,True,0.228,-0.228
885,2021,2021-03-05,"M. Chinnaswamy Stadium, Bengaluru",Lucknow Super Giants,Kolkata Knight Riders,Lucknow Super Giants,bat,Lucknow Super Giants,155,9,18.3,Kolkata Knight Riders,122,3,16.9,Kolkata Knight Riders,7,wickets,True,1.263,-1.263
886,2021,2021-04-01,"Arun Jaitley Stadium, Delhi",Chennai Super Kings,Gujarat Titans,Gujarat Titans,field,Chennai Super Kings,209,2,18.1,Gujarat Titans,137,6,11.5,Gujarat Titans,4,wickets,True,-0.357,0.357
887,2021,2021-03-27,"Narendra Modi Stadium, Ahmedabad",Royal Challengers Bengaluru,Sunrisers Hyderabad,Sunrisers Hyderabad,field,Royal Challengers Bengaluru,176,9,19.8,Sunrisers Hyderabad,138,4,14.0,Sunrisers Hyderabad,6,wickets,True,-0.983,0.983
888,2021,2021-04-28,"Rajiv Gandhi International Stadium, Hyderabad",Kolkata Knight Riders,Lucknow Super Giants,Lucknow Super Giants,bat,Kolkata Knight Riders,209,9,19.9,Lucknow Super Giants,206,6,18.6,Lucknow Super Giants,4,wickets,True,-0.586,0.586
889,2021,2021-04-17,"Narendra Modi Stadium, Ahmedabad",Mumbai Indians,Royal Challengers Bengaluru,Royal Challengers Bengaluru,bat,Mumbai Indians,133,4,18.3,Royal Challengers Bengaluru,154,5,12.3,Mumbai Indians,21,runs,True,-5.218,5.218
890,2021,2021-03-18,"M. Chinnaswamy Stadium, Bengaluru",Mumbai Indians,Gujarat Titans,Mumbai Indians,bat,Mumbai Indians,208,8,19.4,Gujarat Titans,141,5,18.2,Gujarat Titans,5,wickets,True,2.952,-2.952
891,2021,2021-03-10,"Rajiv Gandhi International Stadium, Hyderabad",Royal Challengers Bengaluru,Lucknow Super Giants,Royal Challengers Bengaluru,field,Royal Challengers Bengaluru,131,4,18.0,Lucknow Super Giants,167,3,17.6,Royal Challengers Bengaluru,36,runs,True,-2.192,2.192
892,2021,2021-04-22,"M.A. Chidambaram Stadium, Chennai",Delhi Capitals,Punjab Kings,Punjab Kings,bat,Delhi Capitals,150,9,18.8,Punjab Kings,145,3,14.9,Punjab Kings,7,wickets,True,-1.783,1.783
893,2021,2021-04-13,"Arun Jaitley Stadium, Delhi",Royal Challengers Bengaluru,Lucknow Super Giants,Royal Challengers Bengaluru,field,Royal Challengers Bengaluru,195,4,19.1,Lucknow Super Giants,200,3,10.0,Royal Challengers Bengaluru,5,runs,True,-9.784,9.784
894,2021,2021-04-07,"Wankhede Stadium, Mumbai",Mumbai Indians,Rajasthan Royals,Mumbai Indians,field,Mumbai Indians,182,3,18.8,Rajasthan Royals,169,8,14.6,Rajasthan Royals,2,wickets,True,-1.923,1.923
895,2021,2021-04-28,"Ekana Cricket Stadium, Lucknow",Sunrisers Hyderabad,Punjab Kings,Sunrisers Hyderabad,field,Sunrisers Hyderabad,174,7,18.8,Punjab Kings,137,7,19.1,Punjab Kings,3,wickets,True,2.085,-2.085
896,2021,2021-04-22,"Arun Jaitley Stadium, Delhi",Delhi Capitals,Mumbai Indians,Delhi Capitals,bat,Delhi Capitals,218,7,19.8,Mumbai Indians,94,6,12.3,Mumbai Indians,4,wickets,True,3.407,-3.407
897,2021,2021-04-07,"M.A. Chidambaram Stadium, Chennai",Lucknow Super Giants,Kolkata Knight Riders,Lucknow Super Giants,bat,Lucknow Super Giants,168,5,18.3,Kolkata Knight Riders,119,9,14.2,Kolkata Knight Riders,1,wickets,True,0.85,-0.85
898,2021,2021-04-18,"Ekana Cricket Stadium, Lucknow",Kolkata Knight Riders,Rajasthan Royals,Kolkata Knight Riders,bat,Kolkata Knight Riders,202,2,18.5,Rajasthan Royals,157,9,19.9,Rajasthan Royals,1,wickets,False,3.035,-3.035
899,2021,2021-03-10,"Arun Jaitley Stadium, Delhi",Royal Challengers Bengaluru,Mumbai Indians,Mumbai Indians,bat,Royal Challengers Bengaluru,179,8,19.9,Mumbai Indians,111,2,14.6,Mumbai Indians,8,wickets,False,1.416,-1.416
900,2021,2021-03-28,"M. Chinnaswamy Stadium, Bengaluru",Mumbai Indians,Punjab Kings,Punjab Kings,field,Mumbai Indians,168,2,19.7,Punjab Kings,146,1,15.3,Punjab Kings,9,wickets,True,-1.029,1.029
901,2021,2021-03-18,"M.A. Chidambaram Stadium, Chennai",Sunrisers Hyderabad,Chennai Super Kings,Sunrisers Hyderabad,field,Sunrisers Hyderabad,124,7,19.4,Chennai Super Kings,154,1,12.6,Sunrisers Hyderabad,30,runs,True,-5.83,5.83
902,2021,2021-04-10,"M. Chinnaswamy Stadium, Bengaluru",Kolkata Knight Riders,Punjab Kings,Punjab Kings,bat,Kolkata Knight Riders,219,9,19.5,Punjab Kings,219,2,19.4,Punjab Kings,8,wickets,True,-0.046,0.046
903,2021,2021-03-13,"Rajiv Gandhi International Stadium, Hyderabad",Kolkata Knight Riders,Royal Challengers Bengaluru,Kolkata Knight Riders,bat,Kolkata Knight Riders,223,6,19.4,Royal Challengers Bengaluru,212,2,19.4,Royal Challengers Bengaluru,8,wickets,True,0.578,-0.578
904,2021,2021-03-13,"Punjab Cricket Association Stadium, Mohali",Punjab Kings,Sunrisers Hyderabad,Sunrisers Hyderabad,bat,Punjab Kings,222,7,19.8,Sunrisers Hyderabad,82,8,18.2,Sunrisers Hyderabad,2,wickets,False,6.714,-6.714
905,2021,2021-04-18,"Wankhede Stadium, Mumbai",Delhi Capitals,Royal Challengers Bengaluru,Delhi Capitals,field,Delhi Capitals,154,4,18.6,Royal Challengers Bengaluru,124,3,12.8,Royal Challengers Bengaluru,7,wickets,True,-1.367,1.367
906,2021,2021-04-26,"M. Chinnaswamy Stadium, Bengaluru",Delhi Capitals,Lucknow Super Giants,Lucknow Super Giants,bat,Delhi Capitals,135,8,18.2,Lucknow Super Giants,169,5,15.2,Delhi Capitals,34,runs,True,-3.691,3.691
907,2021,2021-03-07,"Ekana Cricket Stadium, Lucknow",Punjab Kings,Royal Challengers Bengaluru,Punjab Kings,field,Punjab Kings,189,3,18.5,Royal Challengers Bengaluru,119,4,13.9,Royal Challengers Bengaluru,6,wickets,True,1.674,-1.674
908,2021,2021-04-21,"Eden Gardens, Kolkata",Royal Challengers Bengaluru,Lucknow Super Giants,Royal Challengers Bengaluru,field,Royal Challengers Bengaluru,206,7,20.0,Lucknow Super Giants,214,2,13.9,Royal Challengers Bengaluru,8,runs,True,-5.039,5.039
909,2021,2021-04-08,"Arun Jaitley Stadium, Delhi",Delhi Capitals,Royal Challengers Bengaluru,Delhi Capitals,bat,Delhi Capitals,226,9,19.3,Royal Challengers Bengaluru,115,6,15.4,Royal Challengers Bengaluru,4,wickets,True,4.27,-4.27
910,2021,2021-03-24,"Arun Jaitley Stadium, Delhi",Gujarat Titans,Sunrisers Hyderabad,Gujarat Titans,bat,Gujarat Titans,178,5,19.9,Sunrisers Hyderabad,225,4,14.1,Gujarat Titans,47,runs,True,-6.957,6.957
911,2021,2021-03-13,"Narendra Modi Stadium, Ahmedabad",Chennai Super Kings,Punjab Kings,Chennai Super Kings,bat,Chennai Super Kings,189,9,19.8,Punjab Kings,102,5,16.2,Punjab Kings,5,wickets,False,3.264,-3.264
912,2021,2021-04-10,"Wankhede Stadium, Mumbai",Royal Challengers Bengaluru,Gujarat Titans,Royal Challengers Bengaluru,field,Royal Challengers Bengaluru,213,4,19.2,Gujarat Titans,215,3,13.7,Royal Challengers Bengaluru,2,runs,True,-4.585,4.585
913,2021,2021-04-25,"Ekana Cricket Stadium, Lucknow",Punjab Kings,Sunrisers Hyderabad,Sunrisers Hyderabad,bat,Punjab Kings,134,9,19.3,Sunrisers Hyderabad,204,6,12.4,Punjab Kings,70,runs,False,-9.56,9.56
914,2021,2021-03-04,"Sawai Mansingh Stadium, Jaipur",Delhi Capitals,Chennai Super Kings,Chennai Super Kings,field,Delhi Capitals,224,4,19.6,Chennai Super Kings,130,3,19.2,Chennai Super Kings,7,wickets,False,4.68,-4.68
915,2021,2021-04-26,"M.A. Chidambaram Stadium, Chennai",Punjab Kings,Sunrisers Hyderabad,Punjab Kings,field,Punjab Kings,167,7,18.5,Sunrisers Hyderabad,161,2,19.2,Sunrisers Hyderabad,8,wickets,True,0.677,-0.677
916,2021,2021-03-11,"Ekana Cricket Stadium, Lucknow",Mumbai Indians,Chennai Super Kings,Mumbai Indians,field,Mumbai Indians,183,7,18.7,Chennai Super Kings,213,1,19.6,Mumbai Indians,30,runs,True,-1.116,1.116
917,2021,2021-04-22,"M.A. Chidambaram Stadium, Chennai",Lucknow Super Giants,Mumbai Indians,Lucknow Super Giants,bat,Lucknow Super Giants,206,2,18.8,Mumbai Indians,85,1,13.9,Mumbai Indians,9,wickets,False,4.873,-4.873
918,2021,2021-03-03,"Punjab Cricket Association Stadium, Mohali",Gujarat Titans,Delhi Capitals,Delhi Capitals,bat,Gujarat Titans,179,8,18.5,Delhi Capitals,179,7,15.7,Delhi Capitals,3,wickets,True,-1.744,1.744
919,2021,2021-04-15,"Ekana Cricket Stadium, Lucknow",Gujarat Titans,Punjab Kings,Punjab Kings,field,Gujarat Titans,183,9,19.9,Punjab Kings,226,2,17.3,Gujarat Titans,43,runs,True,-3.844,3.844
920,2021,2021-04-10,"Ekana Cricket Stadium, Lucknow",Chennai Super Kings,Kolkata Knight Riders,Kolkata Knight Riders,field,Chennai Super Kings,218,4,18.7,Kolkata Knight Riders,207,4,17.5,Kolkata Knight Riders,6,wickets,True,-0.214,0.214
921,2021,2021-03-11,"Arun Jaitley Stadium, Delhi",Lucknow Super Giants,Rajasthan Royals,Lucknow Super Giants,bat,Lucknow Super Giants,132,6,18.2,Rajasthan Royals,175,2,14.0,Lucknow Super Giants,43,runs,True,-5.242,5.242
922,2021,2021-03-09,"Rajiv Gandhi International Stadium, Hyderabad",Punjab Kings,Royal Challengers Bengaluru,Royal Challengers Bengaluru,field,Punjab Kings,132,5,18.0,Royal Challengers Bengaluru,147,7,14.2,Punjab Kings,15,runs,True,-3.062,3.062
923,2021,2021-03-21,"Eden Gardens, Kolkata",Mumbai Indians,Gujarat Titans,Gujarat Titans,field,Mumbai Indians,136,5,18.4,Gujarat Titans,166,5,17.5,Mumbai Indians,30,runs,False,-2.097,2.097
924,2021,2021-04-16,"Eden Gardens, Kolkata",Kolkata Knight Riders,Punjab Kings,Kolkata Knight Riders,field,Kolkata Knight Riders,210,9,18.6,Punjab Kings,128,1,13.1,Punjab Kings,9,wickets,False,1.487,-1.487
925,2021,2021-03-26,"Narendra Modi Stadium, Ahmedabad",Lucknow Super Giants,Kolkata Knight Riders,Kolkata Knight Riders,bat,Lucknow Super Giants,204,5,18.1,Kolkata Knight Riders,84,5,10.6,Kolkata Knight Riders,5,wickets,True,3.388,-3.388
926,2021,2021-04-17,"Punjab Cricket Association Stadium, Mohali",Punjab Kings,Royal Challengers Bengaluru,Punjab Kings,field,Punjab Kings,191,8,19.0,Royal Challengers Bengaluru,124,2,16.4,Royal Challengers Bengaluru,8,wickets,False,2.517,-2.517
927,2021,2021-03-20,"Punjab Cricket Association Stadium, Mohali",Royal Challengers Bengaluru,Chennai Super Kings,Royal Challengers Bengaluru,field,Royal Challengers Bengaluru,160,2,18.8,Chennai Super Kings,141,7,11.6,Chennai Super Kings,3,wickets,True,-3.606,3.606
928,2021,2021-03-26,"Narendra Modi Stadium, Ahmedabad",Gujarat Titans,Kolkata Knight Riders,Gujarat Titans,field,Gujarat Titans,153,7,18.3,Kolkata Knight Riders,108,1,10.5,Kolkata Knight Riders,9,wickets,True,-1.909,1.909
929,2021,2021-04-05,"M.A. Chidambaram Stadium, Chennai",Punjab Kings,Gujarat Titans,Gujarat Titans,field,Punjab Kings,190,8,19.3,Gujarat Titans,204,2,19.0,Punjab Kings,14,runs,False,-0.943,0.943
930,2021,2021-03-04,"Sawai Mansingh Stadium, Jaipur",Lucknow Super Giants,Punjab Kings,Lucknow Super Giants,bat,Lucknow Super Giants,161,6,20.0,Punjab Kings,209,2,17.6,Lucknow Super Giants,48,runs,True,-3.831,3.831
931,2021,2021-03-12,"Arun Jaitley Stadium, Delhi",Rajasthan Royals,Royal Challengers Bengaluru,Rajasthan Royals,bat,Rajasthan Royals,217,5,19.3,Royal Challengers Bengaluru,161,6,17.2,Royal Challengers Bengaluru,4,wickets,True,1.917,-1.917
932,2021,2021-03-17,"Sawai Mansingh Stadium, Jaipur",Kolkata Knight Riders,Rajasthan Royals,Kolkata Knight Riders,field,Kolkata Knight Riders,149,2,18.6,Rajasthan Royals,169,2,13.9,Kolkata Knight Riders,20,runs,True,-4.195,4.195
933,2021,2021-04-16,"Arun Jaitley Stadium, Delhi",Delhi Capitals,Rajasthan Royals,Delhi Capitals,field,Delhi Capitals,132,5,18.9,Rajasthan Royals,90,7,10.6,Rajasthan Royals,3,wickets,True,-1.498,1.498
934,2021,2021-04-24,"Ekana Cricket Stadium, Lucknow",Punjab Kings,Sunrisers Hyderabad,Sunrisers Hyderabad,field,Punjab Kings,167,6,18.3,Sunrisers Hyderabad,181,6,18.3,Punjab Kings,14,runs,True,-0.761,0.761
935,2022,2022-03-03,"Rajiv Gandhi International Stadium, Hyderabad",Chennai Super Kings,Royal Challengers Bengaluru,Royal Challengers Bengaluru,field,Chennai Super Kings,195,7,19.4,Royal Challengers Bengaluru,101,5,16.4,Royal Challengers Bengaluru,5,wickets,False,3.896,-3.896
936,2022,2022-04-29,"Ekana Cricket Stadium, Lucknow",Royal Challengers Bengaluru,Gujarat Titans,Gujarat Titans,field,Royal Challengers Bengaluru,139,4,18.2,Gujarat Titans,114,3,18.4,Gujarat Titans,7,wickets,True,1.457,-1.457
937,2022,2022-03-26,"Arun Jaitley Stadium, Delhi",Kolkata Knight Riders,Chennai Super Kings,Chennai Super Kings,field,Kolkata Knight Riders,181,3,19.9,Chennai Super Kings,166,6,10.1,Chennai Super Kings,4,wickets,False,-7.387,7.387
938,2022,2022-04-09,"Rajiv Gandhi International Stadium, Hyderabad",Rajasthan Royals,Punjab Kings,Punjab Kings,field,Rajasthan Royals,150,5,19.6,Punjab Kings,141,9,11.7,Punjab Kings,1,wickets,True,-4.375,4.375
939,2022,2022-04-28,"Sawai Mansingh Stadium, Jaipur",Kolkata Knight Riders,Mumbai Indians,Mumbai Indians,field,Kolkata Knight Riders,205,2,18.9,Mumbai Indians,173,7,11.1,Mumbai Indians,3,wickets,True,-4.715,4.715
940,2022,2022-04-16,"M.A. Chidambaram Stadium, Chennai",Delhi Capitals,Mumbai Indians,Delhi Capitals,field,Delhi Capitals,175,3,18.2,Mumbai Indians,127,9,18.9,Mumbai Indians,1,wickets,True,2.927,-2.927
941,2022,2022-04-16,"Punjab Cricket Association Stadium, Mohali",Lucknow Super Giants,Mumbai Indians,Mumbai Indians,field,Lucknow Super Giants,159,8,19.3,Mumbai Indians,166,5,13.9,Lucknow Super Giants,7,runs,True,-3.709,3.709
942,2022,2022-03-14,"Sawai Mansingh Stadium, Jaipur",Kolkata Knight Riders,Punjab Kings,Kolkata Knight Riders,field,Kolkata Knight Riders,209,5,18.1,Punjab Kings,103,3,12.3,Punjab Kings,7,wickets,True,3.216,-3.216
943,2022,2022-04-28,"Narendra Modi Stadium, Ahmedabad",Mumbai Indians,Royal Challengers Bengaluru,Mumbai Indians,bat,Mumbai Indians,211,3,19.7,Royal Challengers Bengaluru,198,5,17.7,Royal Challengers Bengaluru,5,wickets,True,-0.428,0.428
944,2022,2022-04-16,"Rajiv Gandhi International Stadium, Hyderabad",Mumbai Indians,Punjab Kings,Mumbai Indians,field,Mumbai Indians,157,3,19.9,Punjab Kings,214,4,18.9,Mumbai Indians,57,runs,True,-3.433,3.433
945,2022,2022-03-20,"Ekana Cricket Stadium, Lucknow",Chennai Super Kings,Mumbai Indians,Chennai Super Kings,field,Chennai Super Kings,159,2,18.0,Mumbai Indians,208,7,11.6,Chennai Super Kings,49,runs,True,-9.086,9.086
946,2022,2022-03-28,"Arun Jaitley Stadium, Delhi",Royal Challengers Bengaluru,Kolkata Knight Riders,Kolkata Knight Riders,bat,Royal Challengers Bengaluru,147,9,19.7,Kolkata Knight Riders,129,3,15.3,Kolkata Knight Riders,7,wickets,True,-0.984,0.984
947,2022,2022-04-29,"Arun Jaitley Stadium, Delhi",Kolkata Knight Riders,Delhi Capitals,Delhi Capitals,field,Kolkata Knight Riders,145,3,19.1,Delhi Capitals,84,1,16.2,Delhi Capitals,9,wickets,True,2.398,-2.398
948,2022,2022-03-02,"M.A. Chidambaram Stadium, Chennai",Lucknow Super Giants,Rajasthan Royals,Lucknow Super Giants,field,Lucknow Super Giants,124,8,19.4,Rajasthan Royals,222,7,12.6,Lucknow Super Giants,98,runs,True,-11.158,11.158
949,2022,2022-03-06,"Ekana Cricket Stadium, Lucknow",Gujarat Titans,Chennai Super Kings,Gujarat Titans,field,Gujarat Titans,189,3,18.2,Chennai Super Kings,117,9,11.1,Chennai Super Kings,1,wickets,False,-0.148,0.148
950,2022,2022-04-20,"Eden Gardens, Kolkata",Mumbai Indians,Delhi Capitals,Delhi Capitals,field,Mumbai Indians,213,4,19.0,Delhi Capitals,209,7,15.5,Delhi Capitals,3,wickets,True,-2.269,2.269
951,2022,2022-03-09,"Punjab Cricket Association Stadium, Mohali",Punjab Kings,Kolkata Knight Riders,Punjab Kings,field,Punjab Kings,182,7,19.6,Kolkata Knight Riders,200,2,16.8,Punjab Kings,18,runs,True,-2.628,2.628
952,2022,2022-04-14,"Eden Gardens, Kolkata",Gujarat Titans,Lucknow Super Giants,Gujarat Titans,bat,Gujarat Titans,224,8,18.5,Lucknow Super Giants,162,4,13.7,Lucknow Super Giants,6,wickets,True,0.269,-0.269
953,2022,2022-04-01,"Rajiv Gandhi International Stadium, Hyderabad",Punjab Kings,Sunrisers Hyderabad,Punjab Kings,field,Punjab Kings,199,9,19.6,Sunrisers Hyderabad,155,4,19.5,Sunrisers Hyderabad,6,wickets,True,2.205,-2.205
954,2022,2022-04-11,"Punjab Cricket Association Stadium, Mohali",Royal Challengers Bengaluru,Delhi Capitals,Royal Challengers Bengaluru,bat,Royal Challengers Bengaluru,170,6,18.7,Delhi Capitals,126,5,10.0,Delhi Capitals,5,wickets,True,-3.497,3.497
955,2022,2022-03-03,"Sawai Mansingh Stadium, Jaipur",Chennai Super Kings,Rajasthan Royals,Rajasthan Royals,bat,Chennai Super Kings,225,7,19.0,Rajasthan Royals,167,1,18.7,Rajasthan Royals,9,wickets,True,2.888,-2.888
956,2022,2022-03-29,"Punjab Cricket Association Stadium, Mohali",Royal Challengers Bengaluru,Sunrisers Hyderabad,Sunrisers Hyderabad,field,Royal Challengers Bengaluru,192,5,18.8,Sunrisers Hyderabad,209,5,10.5,Royal Challengers Bengaluru,17,runs,False,-9.692,9.692
957,2022,2022-04-19,"Sawai Mansingh Stadium, Jaipur",Rajasthan Royals,Punjab Kings,Punjab Kings,bat,Rajasthan Royals,123,7,18.5,Punjab Kings,210,2,11.5,Rajasthan Royals,87,runs,True,-11.548,11.548
958,2022,2022-03-18,"M.A. Chidambaram Stadium, Chennai",Sunrisers Hyderabad,Mumbai Indians,Mumbai Indians,field,Sunrisers Hyderabad,203,6,19.4,Mumbai Indians,205,2,17.3,Sunrisers Hyderabad,2,runs,True,-1.394,1.394
959,2022,2022-03-15,"Punjab Cricket Association Stadium, Mohali",Chennai Super Kings,Lucknow Super Giants,Lucknow Super Giants,bat,Chennai Super Kings,210,2,18.6,Lucknow Super Giants,173,9,14.1,Lucknow Super Giants,1,wickets,True,-0.972,0.972
960,2022,2022-03-01,"Wankhede Stadium, Mumbai",Delhi Capitals,Royal Challengers Bengaluru,Royal Challengers Bengaluru,field,Delhi Capitals,170,2,19.0,Royal Challengers Bengaluru,177,3,13.9,Delhi Capitals,7,runs,True,-3.745,3.745
961,2022,2022-03-14,"Ekana Cricket Stadium, Lucknow",Chennai Super Kings,Royal Challengers Bengaluru,Chennai Super Kings,bat,Chennai Super Kings,141,4,18.6,Royal Challengers Bengaluru,225,4,16.8,Chennai Super Kings,84,runs,False,-5.792,5.792
962,2022,2022-04-15,"Eden Gardens, Kolkata",Punjab Kings,Mumbai Indians,Mumbai Indians,field,Punjab Kings,215,9,18.2,Mumbai Indians,112,4,12.1,Mumbai Indians,6,wickets,False,2.516,-2.516
963,2022,2022-03-14,"Sawai Mansingh Stadium, Jaipur",Mumbai Indians,Delhi Capitals,Mumbai Indians,bat,Mumbai Indians,161,4,20.0,Delhi Capitals,131,9,10.8,Delhi Capitals,1,wickets,True,-4.12,4.12
964,2022,2022-03-22,"Arun Jaitley Stadium, Delhi",Punjab Kings,Rajasthan Royals,Punjab Kings,field,Punjab Kings,129,2,18.7,Rajasthan Royals,170,9,11.8,Punjab Kings,41,runs,False,-7.48,7.48
965,2022,2022-03-08,"Punjab Cricket Association Stadium, Mohali",Sunrisers Hyderabad,Mumbai Indians,Mumbai Indians,field,Sunrisers Hyderabad,193,7,18.3,Mumbai Indians,137,6,17.8,Mumbai Indians,4,wickets,True,2.853,-2.853
966,2022,2022-04-02,"Rajiv Gandhi International Stadium, Hyderabad",Chennai Super Kings,Punjab Kings,Punjab Kings,bat,Chennai Super Kings,138,2,19.7,Punjab Kings,197,5,13.3,Chennai Super Kings,59,runs,False,-7.827,7.827
967,2022,2022-03-07,"Sawai Mansingh Stadium, Jaipur",Mumbai Indians,Sunrisers Hyderabad,Mumbai Indians,bat,Mumbai Indians,171,4,18.3,Sunrisers Hyderabad,114,2,12.8,Sunrisers Hyderabad,8,wickets,True,0.397,-0.397
968,2022,2022-03-04,"Sawai Mansingh Stadium, Jaipur",Kolkata Knight Riders,Punjab Kings,Kolkata Knight Riders,bat,Kolkata Knight Riders,184,3,18.1,Punjab Kings,170,1,13.5,Punjab Kings,9,wickets,True,-2.413,2.413
969,2022,2022-03-24,"Rajiv Gandhi International Stadium, Hyderabad",Sunrisers Hyderabad,Kolkata Knight Riders,Sunrisers Hyderabad,bat,Sunrisers Hyderabad,196,2,18.4,Kolkata Knight Riders,167,1,15.3,Kolkata Knight Riders,9,wickets,False,-0.248,0.248
970,2022,2022-04-11,"Rajiv Gandhi International Stadium, Hyderabad",Royal Challengers Bengaluru,Rajasthan Royals,Royal Challengers Bengaluru,field,Royal Challengers Bengaluru,194,6,19.9,Rajasthan Royals,211,9,13.6,Royal Challengers Bengaluru,17,runs,False,-5.751,5.751
971,2022,2022-03-23,"Arun Jaitley Stadium, Delhi",Royal Challengers Bengaluru,Mumbai Indians,Mumbai Indians,bat,Royal Challengers Bengaluru,201,5,19.5,Mumbai Indians,91,3,15.4,Mumbai Indians,7,wickets,True,4.375,-4.375
972,2022,2022-04-25,"Wankhede Stadium, Mumbai",Punjab Kings,Sunrisers Hyderabad,Sunrisers Hyderabad,field,Punjab Kings,193,3,19.4,Sunrisers Hyderabad,208,6,14.0,Punjab Kings,15,runs,True,-4.918,4.918
973,2022,2022-03-08,"Arun Jaitley Stadium, Delhi",Mumbai Indians,Sunrisers Hyderabad,Sunrisers Hyderabad,field,Mumbai Indians,170,5,19.6,Sunrisers Hyderabad,111,8,11.4,Sunrisers Hyderabad,2,wickets,False,-1.077,1.077
974,2022,2022-04-13,"Eden Gardens, Kolkata",Chennai Super Kings,Rajasthan Royals,Chennai Super Kings,bat,Chennai Super Kings,220,6,18.2,Rajasthan Royals,202,3,16.7,Rajasthan Royals,7,wickets,True,-0.043,0.043
975,2022,2022-03-20,"Ekana Cricket Stadium, Lucknow",Mumbai Indians,Sunrisers Hyderabad,Mumbai Indians,field,Mumbai Indians,188,2,18.2,Sunrisers Hyderabad,120,9,16.8,Sunrisers Hyderabad,1,wickets,True,3.18,-3.18
976,2022,2022-03-08,"Sawai Mansingh Stadium, Jaipur",Mumbai Indians,Chennai Super Kings,Mumbai Indians,field,Mumbai Indians,153,8,18.5,Chennai Super Kings,124,6,11.6,Chennai Super Kings,4,wickets,True,-2.435,2.435
977,2022,2022-03-10,"M. Chinnaswamy Stadium, Bengaluru",Sunrisers Hyderabad,Rajasthan Royals,Sunrisers Hyderabad,field,Sunrisers Hyderabad,129,7,18.7,Rajasthan Royals,209,8,18.9,Sunrisers Hyderabad,80,runs,True,-4.171,4.171
978,2022,2022-04-09,"Arun Jaitley Stadium, Delhi",Rajasthan Royals,Sunrisers Hyderabad,Rajasthan Royals,field,Rajasthan Royals,172,5,19.2,Sunrisers Hyderabad,129,2,14.1,Sunrisers Hyderabad,8,wickets,False,-0.198,0.198
979,2022,2022-04-24,"M. Chinnaswamy Stadium, Bengaluru",Punjab Kings,Chennai Super Kings,Punjab Kings,field,Punjab Kings,142,6,18.0,Chennai Super Kings,83,8,19.1,Chennai Super Kings,2,wickets,True,3.521,-3.521
980,2022,2022-04-26,"Arun Jaitley Stadium, Delhi",Lucknow Super Giants,Kolkata Knight Riders,Lucknow Super Giants,field,Lucknow Super Giants,185,9,18.6,Kolkata Knight Riders,158,8,17.9,Kolkata Knight Riders,2,wickets,True,1.117,-1.117
981,2022,2022-04-06,"Sawai Mansingh Stadium, Jaipur",Kolkata Knight Riders,Mumbai Indians,Mumbai Indians,field,Kolkata Knight Riders,202,7,19.8,Mumbai Indians,167,8,17.2,Mumbai Indians,2,wickets,True,0.521,-0.521
982,2022,2022-03-22,"Wankhede Stadium, Mumbai",Lucknow Super Giants,Punjab Kings,Punjab Kings,field,Lucknow Super Giants,180,2,19.1,Punjab Kings,207,4,10.8,Lucknow Super Giants,27,runs,True,-9.732,9.732
983,2022,2022-04-24,"Punjab Cricket Association Stadium, Mohali",Gujarat Titans,Chennai Super Kings,Gujarat Titans,bat,Gujarat Titans,163,3,18.3,Chennai Super Kings,214,6,17.8,Gujarat Titans,51,runs,True,-3.121,3.121
984,2022,2022-04-06,"Rajiv Gandhi International Stadium, Hyderabad",Royal Challengers Bengaluru,Delhi Capitals,Royal Challengers Bengaluru,field,Royal Challengers Bengaluru,150,5,18.3,Delhi Capitals,118,2,16.0,Delhi Capitals,8,wickets,True,0.81,-0.81
985,2022,2022-03-02,"Ekana Cricket Stadium, Lucknow",Gujarat Titans,Royal Challengers Bengaluru,Royal Challengers Bengaluru,bat,Gujarat Titans,155,3,18.4,Royal Challengers Bengaluru,198,4,18.5,Gujarat Titans,43,runs,True,-2.273,2.273
986,2022,2022-03-23,"Wankhede Stadium, Mumbai",Lucknow Super Giants,Rajasthan Royals,Rajasthan Royals,bat,Lucknow Super Giants,171,5,19.3,Rajasthan Royals,194,5,18.7,Lucknow Super Giants,23,runs,False,-1.486,1.486
987,2022,2022-04-19,"Eden Gardens, Kolkata",Kolkata Knight Riders,Mumbai Indians,Mumbai Indians,field,Kolkata Knight Riders,125,7,18.3,Mumbai Indians,131,5,17.2,Kolkata Knight Riders,6,runs,True,-0.794,0.794
988,2022,2022-03-21,"Sawai Mansingh Stadium, Jaipur",Mumbai Indians,Chennai Super Kings,Chennai Super Kings,bat,Mumbai Indians,197,2,19.2,Chennai Super Kings,204,7,10.4,Mumbai Indians,7,runs,True,-9.428,9.428
989,2022,2022-03-06,"M. Chinnaswamy Stadium, Bengaluru",Sunrisers Hyderabad,Punjab Kings,Sunrisers Hyderabad,bat,Sunrisers Hyderabad,177,2,18.5,Punjab Kings,164,3,13.2,Punjab Kings,7,wickets,False,-2.85,2.85
990,2022,2022-04-07,"Rajiv Gandhi International Stadium, Hyderabad",Lucknow Super Giants,Kolkata Knight Riders,Kolkata Knight Riders,bat,Lucknow Super Giants,157,9,18.5,Kolkata Knight Riders,216,4,18.1,Lucknow Super Giants,59,runs,True,-3.414,3.414
991,2022,2022-03-26,"Arun Jaitley Stadium, Delhi",Kolkata Knight Riders,Sunrisers Hyderabad,Kolkata Knight Riders,field,Kolkata Knight Riders,202,5,18.9,Sunrisers Hyderabad,225,3,15.4,Kolkata Knight Riders,23,runs,False,-3.946,3.946
992,2022,2022-04-28,"Sawai Mansingh Stadium, Jaipur",Sunrisers Hyderabad,Gujarat Titans,Gujarat Titans,field,Sunrisers Hyderabad,150,2,18.7,Gujarat Titans,182,4,14.7,Sunrisers Hyderabad,32,runs,True,-4.357,4.357
993,2022,2022-04-07,"Eden Gardens, Kolkata",Sunrisers Hyderabad,Kolkata Knight Riders,Kolkata Knight Riders,field,Sunrisers Hyderabad,211,4,18.3,Kolkata Knight Riders,159,9,18.1,Kolkata Knight Riders,1,wickets,True,2.754,-2.754
994,2022,2022-03-21,"Sawai Mansingh Stadium, Jaipur",Sunrisers Hyderabad,Mumbai Indians,Sunrisers Hyderabad,field,Sunrisers Hyderabad,192,3,18.2,Mumbai Indians,125,1,17.7,Mumbai Indians,9,wickets,True,3.447,-3.447
995,2022,2022-04-14,"Rajiv Gandhi International Stadium, Hyderabad",Gujarat Titans,Mumbai Indians,Gujarat Titans,bat,Gujarat Titans,168,3,18.6,Mumbai Indians,80,5,13.3,Mumbai Indians,5,wickets,True,3.02,-3.02
996,2022,2022-03-17,"Punjab Cricket Association Stadium, Mohali",Kolkata Knight Riders,Punjab Kings,Punjab Kings,field,Kolkata Knight Riders,182,2,19.2,Punjab Kings,141,3,13.8,Punjab Kings,7,wickets,True,-0.792,0.792
997,2022,2022-04-24,"M.A. Chidambaram Stadium, Chennai",Kolkata Knight Riders,Delhi Capitals,Delhi Capitals,field,Kolkata Knight Riders,165,4,19.8,Delhi Capitals,195,5,18.7,Kolkata Knight Riders,30,runs,True,-2.128,2.128
998,2022,2022-04-17,"M. Chinnaswamy Stadium, Bengaluru",Mumbai Indians,Sunrisers Hyderabad,Sunrisers Hyderabad,bat,Mumbai Indians,129,2,19.8,Sunrisers Hyderabad,188,7,16.3,Mumbai Indians,59,runs,True,-5.066,5.066
999,2022,2022-03-26,"Narendra Modi Stadium, Ahmedabad",Royal Challengers Bengaluru,Punjab Kings,Royal Challengers Bengaluru,field,Royal Challengers Bengaluru,227,7,18.6,Punjab Kings,215,9,10.3,Punjab Kings,1,wickets,True,-8.606,8.606
1000,2022,2022-04-19,"M.A. Chidambaram Stadium, Chennai",Gujarat Titans,Chennai Super Kings,Chennai Super Kings,bat,Gujarat Titans,124,5,19.9,Chennai Super Kings,98,8,14.6,Chennai Super Kings,2,wickets,True,-0.452,0.452
1001,2023,2023-04-21,"M. Chinnaswamy Stadium, Bengaluru",Gujarat Titans,Punjab Kings,Gujarat Titans,bat,Gujarat Titans,174,2,18.0,Punjab Kings,198,7,11.2,Gujarat Titans,24,runs,True,-8.048,8.048
1002,2023,2023-03-12,"Sawai Mansingh Stadium, Jaipur",Delhi Capitals,Mumbai Indians,Mumbai Indians,field,Delhi Capitals,128,9,18.6,Mumbai Indians,112,9,18.4,Mumbai Indians,1,wickets,True,0.81,-0.81
1003,2023,2023-03-23,"Narendra Modi Stadium, Ahmedabad",Delhi Capitals,Sunrisers Hyderabad,Sunrisers Hyderabad,bat,Delhi Capitals,148,9,19.8,Sunrisers Hyderabad,145,5,17.2,Sunrisers Hyderabad,5,wickets,True,-0.948,0.948
1004,2023,2023-03-09,"Wankhede Stadium, Mumbai",Mumbai Indians,Gujarat Titans,Gujarat Titans,bat,Mumbai Indians,159,4,19.8,Gujarat Titans,149,4,18.9,Gujarat Titans,6,wickets,True,0.122,-0.122
1005,2023,2023-03-09,"Arun Jaitley Stadium, Delhi",Lucknow Super Giants,Rajasthan Royals,Rajasthan Royals,bat,Lucknow Super Giants,152,2,18.2,Rajasthan Royals,112,2,13.6,Rajasthan Royals,8,wickets,True,0.136,-0.136
1006,2023,2023-04-23,"M. Chinnaswamy Stadium, Bengaluru",Lucknow Super Giants,Mumbai Indians,Lucknow Super Giants,bat,Lucknow Super Giants,169,9,18.8,Mumbai Indians,150,1,15.8,Mumbai Indians,9,wickets,True,-0.491,0.491
1007,2023,2023-03-14,"Ekana Cricket Stadium, Lucknow",Gujarat Titans,Royal Challengers Bengaluru,Royal Challengers Bengaluru,field,Gujarat Titans,142,9,18.1,Royal Challengers Bengaluru,145,8,18.6,Gujarat Titans,3,runs,True,0.052,-0.052
1008,2023,2023-03-10,"M.A. Chidambaram Stadium, Chennai",Sunrisers Hyderabad,Chennai Super Kings,Sunrisers Hyderabad,field,Sunrisers Hyderabad,149,4,19.2,Chennai Super Kings,187,7,13.5,Sunrisers Hyderabad,38,runs,False,-6.118,6.118
1009,2023,2023-04-14,"Punjab Cricket Association Stadium, Mohali",Lucknow Super Giants,Punjab Kings,Lucknow Super Giants,field,Lucknow Super Giants,182,3,19.6,Punjab Kings,144,7,10.3,Punjab Kings,3,wickets,True,-4.706,4.706
1010,2023,2023-04-13,"M.A. Chidambaram Stadium, Chennai",Delhi Capitals,Kolkata Knight Riders,Kolkata Knight Riders,bat,Delhi Capitals,217,2,18.2,Kolkata Knight Riders,162,3,18.2,Kolkata Knight Riders,7,wickets,True,3.031,-3.031
1011,2023,2023-03-17,"Arun Jaitley Stadium, Delhi",Punjab Kings,Gujarat Titans,Punjab Kings,bat,Punjab Kings,224,3,18.4,Gujarat Titans,203,6,14.6,Gujarat Titans,4,wickets,True,-1.744,1.744
1012,2023,2023-04-14,"Eden Gardens, Kolkata",Lucknow Super Giants,Royal Challengers Bengaluru,Royal Challengers Bengaluru,field,Lucknow Super Giants,138,5,19.4,Royal Challengers Bengaluru,166,7,17.3,Lucknow Super Giants,28,runs,False,-2.499,2.499
1013,2023,2023-03-05,"Eden Gardens, Kolkata",Royal Challengers Bengaluru,Gujarat Titans,Gujarat Titans,field,Royal Challengers Bengaluru,121,4,19.0,Gujarat Titans,198,5,14.3,Royal Challengers Bengaluru,77,runs,True,-7.441,7.441
1014,2023,2023-03-28,"Punjab Cricket Association Stadium, Mohali",Chennai Super Kings,Delhi Capitals,Delhi Capitals,field,Chennai Super Kings,186,6,19.9,Delhi Capitals,198,8,13.5,Chennai Super Kings,12,runs,True,-5.343,5.343
1015,2023,2023-03-01,"Punjab Cricket Association Stadium, Mohali",Royal Challengers Bengaluru,Punjab Kings,Royal Challengers Bengaluru,bat,Royal Challengers Bengaluru,143,7,18.2,Punjab Kings,86,7,14.2,Punjab Kings,3,wickets,True,1.806,-1.806
1016,2023,2023-03-20,"Sawai Mansingh Stadium, Jaipur",Punjab Kings,Kolkata Knight Riders,Kolkata Knight Riders,field,Punjab Kings,202,4,18.3,Kolkata Knight Riders,170,4,19.4,Kolkata Knight Riders,6,wickets,False,2.298,-2.298
1017,2023,2023-04-16,"Rajiv Gandhi International Stadium, Hyderabad",Rajasthan Royals,Mumbai Indians,Rajasthan Royals,bat,Rajasthan Royals,149,5,18.7,Mumbai Indians,112,2,13.5,Mumbai Indians,8,wickets,True,-0.371,0.371
1018,2023,2023-04-26,"Sawai Mansingh Stadium, Jaipur",Chennai Super Kings,Lucknow Super Giants,Chennai Super Kings,field,Chennai Super Kings,201,5,18.2,Lucknow Super Giants,123,3,14.1,Lucknow Super Giants,7,wickets,True,2.296,-2.296
1019,2023,2023-03-05,"Arun Jaitley Stadium, Delhi",Mumbai Indians,Punjab Kings,Mumbai Indians,bat,Mumbai Indians,143,5,19.2,Punjab Kings,144,2,11.6,Mumbai Indians,1,runs,True,-4.948,4.948
1020,2023,2023-03-02,"Wankhede Stadium, Mumbai",Punjab Kings,Kolkata Knight Riders,Punjab Kings,bat,Punjab Kings,164,9,20.0,Kolkata Knight Riders,96,5,15.0,Kolkata Knight Riders,5,wickets,True,1.782,-1.782
1021,2023,2023-03-22,"Wankhede Stadium, Mumbai",Rajasthan Royals,Lucknow Super Giants,Lucknow Super Giants,bat,Rajasthan Royals,201,9,19.5,Lucknow Super Giants,99,9,17.5,Lucknow Super Giants,1,wickets,True,4.634,-4.634
1022,2023,2023-03-08,"Sawai Mansingh Stadium, Jaipur",Rajasthan Royals,Punjab Kings,Rajasthan Royals,bat,Rajasthan Royals,223,6,18.5,Punjab Kings,185,5,11.5,Punjab Kings,5,wickets,True,-4.098,4.098
1023,2023,2023-04-19,"Sawai Mansingh Stadium, Jaipur",Royal Challengers Bengaluru,Lucknow Super Giants,Royal Challengers Bengaluru,bat,Royal Challengers Bengaluru,179,9,18.9,Lucknow Super Giants,126,4,10.3,Lucknow Super Giants,6,wickets,True,-2.769,2.769
1024,2023,2023-04-22,"M. Chinnaswamy Stadium, Bengaluru",Rajasthan Royals,Gujarat Titans,Rajasthan Royals,field,Rajasthan Royals,121,9,18.8,Gujarat Titans,185,2,11.1,Rajasthan Royals,64,runs,False,-10.229,10.229
1025,2023,2023-03-02,"Ekana Cricket Stadium, Lucknow",Gujarat Titans,Lucknow Super Giants,Gujarat Titans,field,Gujarat Titans,199,3,20.0,Lucknow Super Giants,212,3,13.3,Gujarat Titans,13,runs,True,-5.924,5.924
1026,2023,2023-04-27,"Ekana Cricket Stadium, Lucknow",Gujarat Titans,Lucknow Super Giants,Gujarat Titans,field,Gujarat Titans,206,8,18.8,Lucknow Super Giants,219,1,17.9,Gujarat Titans,13,runs,True,-1.248,1.248
1027,2023,2023-04-01,"Eden Gardens, Kolkata",Chennai Super Kings,Punjab Kings,Chennai Super Kings,bat,Chennai Super Kings,144,7,19.6,Punjab Kings,178,9,13.0,Chennai Super Kings,34,runs,True,-6.385,6.385
1028,2023,2023-03-10,"Eden Gardens, Kolkata",Punjab Kings,Royal Challengers Bengaluru,Punjab Kings,field,Punjab Kings,172,5,18.7,Royal Challengers Bengaluru,139,6,18.3,Royal Challengers Bengaluru,4,wickets,False,1.582,-1.582
1029,2023,2023-03-29,"Rajiv Gandhi International Stadium, Hyderabad",Delhi Capitals,Sunrisers Hyderabad,Delhi Capitals,field,Delhi Capitals,141,3,19.1,Sunrisers Hyderabad,110,9,13.9,Sunrisers Hyderabad,1,wickets,True,-0.512,0.512
1030,2023,2023-03-26,"Rajiv Gandhi International Stadium, Hyderabad",Kolkata Knight Riders,Chennai Super Kings,Kolkata Knight Riders,field,Kolkata Knight Riders,163,3,19.4,Chennai Super Kings,112,5,18.5,Chennai Super Kings,5,wickets,True,2.345,-2.345
1031,2023,2023-03-10,"Rajiv Gandhi International Stadium, Hyderabad",Royal Challengers Bengaluru,Mumbai Indians,Mumbai Indians,field,Royal Challengers Bengaluru,131,6,19.2,Mumbai Indians,82,1,18.6,Mumbai Indians,9,wickets,False,2.404,-2.404
1032,2023,2023-03-17,"Ekana Cricket Stadium, Lucknow",Gujarat Titans,Lucknow Super Giants,Gujarat Titans,field,Gujarat Titans,169,5,18.4,Lucknow Super Giants,109,5,11.0,Lucknow Super Giants,5,wickets,True,-0.681,0.681
1033,2023,2023-04-03,"Wankhede Stadium, Mumbai",Rajasthan Royals,Gujarat Titans,Gujarat Titans,bat,Rajasthan Royals,131,8,19.4,Gujarat Titans,92,1,11.6,Gujarat Titans,9,wickets,True,-1.181,1.181
1034,2023,2023-04-14,"Punjab Cricket Association Stadium, Mohali",Lucknow Super Giants,Punjab Kings,Punjab Kings,bat,Lucknow Super Giants,152,8,18.7,Punjab Kings,95,3,15.7,Punjab Kings,7,wickets,False,2.061,-2.061
1035,2023,2023-04-05,"Ekana Cricket Stadium, Lucknow",Rajasthan Royals,Gujarat Titans,Gujarat Titans,bat,Rajasthan Royals,221,7,18.5,Gujarat Titans,180,6,12.5,Gujarat Titans,4,wickets,True,-2.378,2.378
1036,2023,2023-03-20,"Narendra Modi Stadium, Ahmedabad",Lucknow Super Giants,Chennai Super Kings,Chennai Super Kings,bat,Lucknow Super Giants,224,8,18.2,Chennai Super Kings,98,7,12.8,Chennai Super Kings,3,wickets,False,4.672,-4.672
1037,2023,2023-04-11,"Arun Jaitley Stadium, Delhi",Gujarat Titans,Rajasthan Royals,Gujarat Titans,field,Gujarat Titans,225,2,18.1,Rajasthan Royals,211,6,16.2,Rajasthan Royals,4,wickets,False,-0.565,0.565
1038,2023,2023-04-01,"Punjab Cricket Association Stadium, Mohali",Punjab Kings,Mumbai Indians,Punjab Kings,field,Punjab Kings,166,5,19.1,Mumbai Indians,80,6,13.1,Mumbai Indians,4,wickets,False,2.595,-2.595
1039,2023,2023-03-23,"M. Chinnaswamy Stadium, Bengaluru",Gujarat Titans,Delhi Capitals,Delhi Capitals,field,Gujarat Titans,121,6,18.8,Delhi Capitals,125,8,17.0,Gujarat Titans,4,runs,False,-0.923,0.923
1040,2023,2023-04-03,"Eden Gardens, Kolkata",Kolkata Knight Riders,Delhi Capitals,Delhi Capitals,field,Kolkata Knight Riders,146,7,18.6,Delhi Capitals,197,9,16.5,Kolkata Knight Riders,51,runs,True,-4.108,4.108
1041,2023,2023-04-23,"Sawai Mansingh Stadium, Jaipur",Royal Challengers Bengaluru,Punjab Kings,Royal Challengers Bengaluru,field,Royal Challengers Bengaluru,182,6,19.5,Punjab Kings,85,3,17.0,Punjab Kings,7,wickets,True,4.327,-4.327
1042,2023,2023-03-06,"Narendra Modi Stadium, Ahmedabad",Sunrisers Hyderabad,Mumbai Indians,Mumbai Indians,bat,Sunrisers Hyderabad,130,7,19.9,Mumbai Indians,161,6,12.2,Sunrisers Hyderabad,31,runs,True,-6.705,6.705
1043,2023,2023-04-26,"M.A. Chidambaram Stadium, Chennai",Kolkata Knight Riders,Chennai Super Kings,Chennai Super Kings,bat,Kolkata Knight Riders,159,5,19.0,Chennai Super Kings,150,9,14.8,Chennai Super Kings,1,wickets,True,-1.77,1.77
1044,2023,2023-03-20,"M. Chinnaswamy Stadium, Bengaluru",Gujarat Titans,Kolkata Knight Riders,Kolkata Knight Riders,bat,Gujarat Titans,158,7,19.7,Kolkata Knight Riders,117,5,12.1,Kolkata Knight Riders,5,wickets,True,-1.636,1.636
1045,2023,2023-04-21,"Narendra Modi Stadium, Ahmedabad",Kolkata Knight Riders,Delhi Capitals,Kolkata Knight Riders,field,Kolkata Knight Riders,225,7,19.3,Delhi Capitals,175,6,15.3,Delhi Capitals,4,wickets,True,0.166,-0.166
1046,2023,2023-04-28,"Sawai Mansingh Stadium, Jaipur",Royal Challengers Bengaluru,Punjab Kings,Punjab Kings,bat,Royal Challengers Bengaluru,162,7,19.3,Punjab Kings,179,4,13.6,Royal Challengers Bengaluru,17,runs,False,-4.8,4.8
1047,2023,2023-03-17,"Arun Jaitley Stadium, Delhi",Rajasthan Royals,Gujarat Titans,Gujarat Titans,bat,Rajasthan Royals,168,7,19.1,Gujarat Titans,144,9,10.6,Gujarat Titans,1,wickets,False,-4.831,4.831
1048,2023,2023-04-06,"Punjab Cricket Association Stadium, Mohali",Royal Challengers Bengaluru,Kolkata Knight Riders,Kolkata Knight Riders,field,Royal Challengers Bengaluru,180,3,18.9,Kolkata Knight Riders,117,7,18.3,Kolkata Knight Riders,3,wickets,True,3.153,-3.153
1049,2023,2023-03-17,"Sawai Mansingh Stadium, Jaipur",Punjab Kings,Delhi Capitals,Delhi Capitals,field,Punjab Kings,141,6,18.6,Delhi Capitals,160,7,15.2,Punjab Kings,19,runs,False,-2.944,2.944
1050,2023,2023-03-11,"Rajiv Gandhi International Stadium, Hyderabad",Chennai Super Kings,Lucknow Super Giants,Chennai Super Kings,bat,Chennai Super Kings,173,7,18.6,Lucknow Super Giants,101,5,15.3,Lucknow Super Giants,5,wickets,False,2.702,-2.702
1051,2023,2023-04-18,"M. Chinnaswamy Stadium, Bengaluru",Lucknow Super Giants,Chennai Super Kings,Chennai Super Kings,field,Lucknow Super Giants,171,7,19.1,Chennai Super Kings,89,2,12.0,Chennai Super Kings,8,wickets,False,1.581,-1.581
1052,2023,2023-04-19,"Narendra Modi Stadium, Ahmedabad",Lucknow Super Giants,Kolkata Knight Riders,Lucknow Super Giants,bat,Lucknow Super Giants,132,4,18.3,Kolkata Knight Riders,137,9,12.4,Lucknow Super Giants,5,runs,False,-3.88,3.88
1053,2023,2023-04-16,"M. Chinnaswamy Stadium, Bengaluru",Gujarat Titans,Delhi Capitals,Delhi Capitals,field,Gujarat Titans,228,2,18.0,Delhi Capitals,198,1,13.6,Delhi Capitals,9,wickets,True,-1.867,1.867
1054,2023,2023-04-08,"Eden Gardens, Kolkata",Gujarat Titans,Sunrisers Hyderabad,Sunrisers Hyderabad,field,Gujarat Titans,224,9,18.7,Sunrisers Hyderabad,222,9,16.4,Sunrisers Hyderabad,1,wickets,True,-1.581,1.581
1055,2023,2023-04-03,"Arun Jaitley Stadium, Delhi",Punjab Kings,Gujarat Titans,Punjab Kings,field,Punjab Kings,203,9,18.8,Gujarat Titans,144,9,18.8,Gujarat Titans,1,wickets,True,3.162,-3.162
1056,2023,2023-03-06,"Wankhede Stadium, Mumbai",Chennai Super Kings,Lucknow Super Giants,Lucknow Super Giants,bat,Chennai Super Kings,204,9,18.4,Lucknow Super Giants,146,7,16.4,Lucknow Super Giants,3,wickets,True,2.151,-2.151
1057,2023,2023-03-08,"Punjab Cricket Association Stadium, Mohali",Gujarat Titans,Delhi Capitals,Gujarat Titans,field,Gujarat Titans,196,3,19.4,Delhi Capitals,93,1,15.9,Delhi Capitals,9,wickets,True,4.234,-4.234
1058,2023,2023-04-19,"M.A. Chidambaram Stadium, Chennai",Gujarat Titans,Mumbai Indians,Mumbai Indians,field,Gujarat Titans,210,9,18.7,Mumbai Indians,127,3,11.4,Mumbai Indians,7,wickets,True,0.052,-0.052
1059,2023,2023-03-16,"Arun Jaitley Stadium, Delhi",Sunrisers Hyderabad,Mumbai Indians,Mumbai Indians,bat,Sunrisers Hyderabad,222,6,19.0,Mumbai Indians,85,1,18.2,Mumbai Indians,9,wickets,False,6.992,-6.992
1060,2023,2023-03-03,"Ekana Cricket Stadium, Lucknow",Punjab Kings,Mumbai Indians,Punjab Kings,bat,Punjab Kings,128,9,18.7,Mumbai Indians,149,8,12.4,Punjab Kings,21,runs,True,-5.215,5.215
1061,2023,2023-03-16,"Ekana Cricket Stadium, Lucknow",Chennai Super Kings,Lucknow Super Giants,Chennai Super Kings,bat,Chennai Super Kings,173,6,19.2,Lucknow Super Giants,85,3,16.7,Lucknow Super Giants,7,wickets,True,3.936,-3.936
1062,2023,2023-03-19,"Ekana Cricket Stadium, Lucknow",Rajasthan Royals,Chennai Super Kings,Rajasthan Royals,bat,Rajasthan Royals,138,7,18.2,Chennai Super Kings,177,2,10.2,Rajasthan Royals,39,runs,True,-9.764,9.764
1063,2023,2023-03-08,"Punjab Cricket Association Stadium, Mohali",Delhi Capitals,Chennai Super Kings,Chennai Super Kings,field,Delhi Capitals,143,3,18.1,Chennai Super Kings,148,6,16.5,Delhi Capitals,5,runs,True,-1.058,1.058
1064,2023,2023-03-17,"Wankhede Stadium, Mumbai",Gujarat Titans,Punjab Kings,Gujarat Titans,field,Gujarat Titans,192,2,19.3,Punjab Kings,139,4,17.2,Punjab Kings,6,wickets,False,1.853,-1.853
1065,2023,2023-04-24,"Punjab Cricket Association Stadium, Mohali",Chennai Super Kings,Delhi Capitals,Chennai Super Kings,bat,Chennai Super Kings,187,2,19.4,Delhi Capitals,113,1,12.2,Delhi Capitals,9,wickets,True,0.398,-0.398
1066,2023,2023-03-19,"Eden Gardens, Kolkata",Gujarat Titans,Kolkata Knight Riders,Gujarat Titans,field,Gujarat Titans,218,8,18.3,Kolkata Knight Riders,192,7,11.0,Kolkata Knight Riders,3,wickets,True,-5.565,5.565
1067,2023,2023-03-21,"Sawai Mansingh Stadium, Jaipur",Rajasthan Royals,Gujarat Titans,Rajasthan Royals,bat,Rajasthan Royals,209,4,19.5,Gujarat Titans,162,5,15.3,Gujarat Titans,5,wickets,False,0.15,-0.15
1068,2024,2024-03-21,"M.A. Chidambaram Stadium, Chennai",Gujarat Titans,Kolkata Knight Riders,Kolkata Knight Riders,field,Gujarat Titans,168,6,19.1,Kolkata Knight Riders,167,9,13.7,Kolkata Knight Riders,1,wickets,True,-3.406,3.406
1069,2024,2024-03-05,"M. Chinnaswamy Stadium, Bengaluru",Punjab Kings,Sunrisers Hyderabad,Punjab Kings,bat,Punjab Kings,136,5,18.0,Sunrisers Hyderabad,183,1,16.0,Punjab Kings,47,runs,True,-3.924,3.924
1070,2024,2024-03-20,"Ekana Cricket Stadium, Lucknow",Sunrisers Hyderabad,Punjab Kings,Punjab Kings,field,Sunrisers Hyderabad,202,8,19.4,Punjab Kings,220,3,13.6,Sunrisers Hyderabad,18,runs,True,-5.754,5.754
1071,2024,2024-04-18,"Ekana Cricket Stadium, Lucknow",Gujarat Titans,Sunrisers Hyderabad,Sunrisers Hyderabad,bat,Gujarat Titans,199,4,19.3,Sunrisers Hyderabad,127,1,15.7,Sunrisers Hyderabad,9,wickets,True,2.234,-2.234
1072,2024,2024-03-15,"Rajiv Gandhi International Stadium, Hyderabad",Sunrisers Hyderabad,Royal Challengers Bengaluru,Sunrisers Hyderabad,bat,Sunrisers Hyderabad,216,9,18.2,Royal Challengers Bengaluru,214,8,15.0,Royal Challengers Bengaluru,2,wickets,True,-2.421,2.421
1073,2024,2024-03-13,"Sawai Mansingh Stadium, Jaipur",Lucknow Super Giants,Royal Challengers Bengaluru,Lucknow Super Giants,field,Lucknow Super Giants,217,8,18.3,Royal Challengers Bengaluru,155,7,18.6,Royal Challengers Bengaluru,3,wickets,True,3.494,-3.494
1074,2024,2024-04-22,"Ekana Cricket Stadium, Lucknow",Rajasthan Royals,Mumbai Indians,Mumbai Indians,bat,Rajasthan Royals,189,4,19.5,Mumbai Indians,168,3,18.3,Mumbai Indians,7,wickets,False,0.526,-0.526
1075,2024,2024-03-12,"Ekana Cricket Stadium, Lucknow",Royal Challengers Bengaluru,Lucknow Super Giants,Royal Challengers Bengaluru,field,Royal Challengers Bengaluru,208,8,18.6,Lucknow Super Giants,114,9,19.3,Lucknow Super Giants,1,wickets,True,5.295,-5.295
1076,2024,2024-04-09,"Arun Jaitley Stadium, Delhi",Chennai Super Kings,Delhi Capitals,Chennai Super Kings,field,Chennai Super Kings,170,5,18.8,Delhi Capitals,161,6,10.3,Delhi Capitals,4,wickets,True,-6.628,6.628
1077,2024,2024-03-22,"Wankhede Stadium, Mumbai",Delhi Capitals,Chennai Super Kings,Delhi Capitals,field,Delhi Capitals,199,8,18.2,Chennai Super Kings,81,2,14.5,Chennai Super Kings,8,wickets,False,5.345,-5.345
1078,2024,2024-04-04,"Arun Jaitley Stadium, Delhi",Punjab Kings,Mumbai Indians,Punjab Kings,bat,Punjab Kings,213,5,18.8,Mumbai Indians,90,2,12.2,Mumbai Indians,8,wickets,False,3.925,-3.925
1079,2024,2024-04-24,"M. Chinnaswamy Stadium, Bengaluru",Lucknow Super Giants,Chennai Super Kings,Chennai Super Kings,bat,Lucknow Super Giants,155,3,19.5,Chennai Super Kings,168,9,17.9,Lucknow Super Giants,13,runs,True,-1.442,1.442
1080,2024,2024-03-01,"Narendra Modi Stadium, Ahmedabad",Lucknow Super Giants,Rajasthan Royals,Lucknow Super Giants,field,Lucknow Super Giants,194,2,19.0,Rajasthan Royals,115,3,10.9,Rajasthan Royals,7,wickets,True,-0.363,0.363
1081,2024,2024-03-18,"Ekana Cricket Stadium, Lucknow",Mumbai Indians,Sunrisers Hyderabad,Mumbai Indians,bat,Mumbai Indians,125,4,19.2,Sunrisers Hyderabad,216,8,12.4,Mumbai Indians,91,runs,False,-10.909,10.909
1082,2024,2024-03-06,"M. Chinnaswamy Stadium, Bengaluru",Punjab Kings,Lucknow Super Giants,Punjab Kings,bat,Punjab Kings,207,9,18.4,Lucknow Super Giants,80,1,15.9,Lucknow Super Giants,9,wickets,False,6.247,-6.247
1083,2024,2024-03-20,"Punjab Cricket Association Stadium, Mohali",Punjab Kings,Kolkata Knight Riders,Punjab Kings,field,Punjab Kings,170,5,19.2,Kolkata Knight Riders,228,6,18.0,Punjab Kings,58,runs,True,-3.766,3.766
1084,2024,2024-04-13,"Narendra Modi Stadium, Ahmedabad",Lucknow Super Giants,Gujarat Titans,Gujarat Titans,bat,Lucknow Super Giants,146,9,19.8,Gujarat Titans,137,3,10.2,Gujarat Titans,7,wickets,True,-6.049,6.049
1085,2024,2024-04-14,"Arun Jaitley Stadium, Delhi",Sunrisers Hyderabad,Gujarat Titans,Gujarat Titans,bat,Sunrisers Hyderabad,201,3,19.8,Gujarat Titans,153,1,17.4,Gujarat Titans,9,wickets,False,1.36,-1.36
1086,2024,2024-03-16,"M. Chinnaswamy Stadium, Bengaluru",Mumbai Indians,Delhi Capitals,Delhi Capitals,field,Mumbai Indians,163,7,18.2,Delhi Capitals,210,4,17.4,Mumbai Indians,47,runs,True,-3.068,3.068
1087,2024,2024-03-20,"M.A. Chidambaram Stadium, Chennai",Sunrisers Hyderabad,Rajasthan Royals,Sunrisers Hyderabad,bat,Sunrisers Hyderabad,146,7,19.4,Rajasthan Royals,127,8,11.8,Rajasthan Royals,2,wickets,True,-3.222,3.222
1088,2024,2024-04-04,"Arun Jaitley Stadium, Delhi",Royal Challengers Bengaluru,Punjab Kings,Royal Challengers Bengaluru,field,Royal Challengers Bengaluru,168,3,18.8,Punjab Kings,138,2,19.0,Punjab Kings,8,wickets,False,1.708,-1.708
1089,2024,2024-03-02,"Wankhede Stadium, Mumbai",Royal Challengers Bengaluru,Mumbai Indians,Mumbai Indians,bat,Royal Challengers Bengaluru,143,6,18.0,Mumbai Indians,103,3,10.6,Mumbai Indians,7,wickets,True,-1.805,1.805
1090,2024,2024-03-23,"Punjab Cricket Association Stadium, Mohali",Punjab Kings,Rajasthan Royals,Punjab Kings,field,Punjab Kings,148,3,19.7,Rajasthan Royals,155,7,10.6,Punjab Kings,7,runs,True,-7.17,7.17
1091,2024,2024-04-12,"Eden Gardens, Kolkata",Kolkata Knight Riders,Sunrisers Hyderabad,Sunrisers Hyderabad,field,Kolkata Knight Riders,191,2,19.9,Sunrisers Hyderabad,131,2,10.3,Sunrisers Hyderabad,8,wickets,False,-3.178,3.178
1092,2024,2024-03-15,"Narendra Modi Stadium, Ahmedabad",Mumbai Indians,Gujarat Titans,Gujarat Titans,field,Mumbai Indians,197,6,18.9,Gujarat Titans,107,4,10.5,Gujarat Titans,6,wickets,True,0.199,-0.199
1093,2024,2024-04-05,"Arun Jaitley Stadium, Delhi",Sunrisers Hyderabad,Rajasthan Royals,Sunrisers Hyderabad,field,Sunrisers Hyderabad,141,3,19.4,Rajasthan Royals,223,7,18.5,Sunrisers Hyderabad,82,runs,False,-4.796,4.796
1094,2024,2024-04-17,"Narendra Modi Stadium, Ahmedabad",Rajasthan Royals,Kolkata Knight Riders,Kolkata Knight Riders,field,Rajasthan Royals,171,6,18.4,Kolkata Knight Riders,216,2,16.4,Rajasthan Royals,45,runs,False,-3.894,3.894
1095,2024,2024-03-04,"Eden Gardens, Kolkata",Lucknow Super Giants,Gujarat Titans,Lucknow Super Giants,bat,Lucknow Super Giants,121,2,18.5,Gujarat Titans,141,7,13.6,Lucknow Super Giants,20,runs,False,-3.827,3.827
1096,2024,2024-03-27,"Punjab Cricket Association Stadium, Mohali",Rajasthan Royals,Mumbai Indians,Rajasthan Royals,field,Rajasthan Royals,158,6,19.0,Mumbai Indians,96,2,15.0,Mumbai Indians,8,wickets,False,1.918,-1.918
1097,2024,2024-03-20,"Sawai Mansingh Stadium, Jaipur",Punjab Kings,Mumbai Indians,Mumbai Indians,bat,Punjab Kings,154,8,18.3,Mumbai Indians,93,9,10.4,Mumbai Indians,1,wickets,True,-0.508,0.508
1098,2024,2024-04-04,"M. Chinnaswamy Stadium, Bengaluru",Royal Challengers Bengaluru,Lucknow Super Giants,Royal Challengers Bengaluru,bat,Royal Challengers Bengaluru,136,8,19.7,Lucknow Super Giants,158,2,13.5,Royal Challengers Bengaluru,22,runs,False,-4.779,4.779
1099,2024,2024-03-17,"Eden Gardens, Kolkata",Punjab Kings,Gujarat Titans,Punjab Kings,bat,Punjab Kings,185,8,19.5,Gujarat Titans,164,7,10.4,Gujarat Titans,3,wickets,True,-6.293,6.293
1100,2024,2024-03-27,"Wankhede Stadium, Mumbai",Delhi Capitals,Punjab Kings,Punjab Kings,field,Delhi Capitals,157,6,19.7,Punjab Kings,161,6,18.0,Delhi Capitals,4,runs,True,-0.971,0.971
1101,2024,2024-04-10,"M. Chinnaswamy Stadium, Bengaluru",Royal Challengers Bengaluru,Mumbai Indians,Mumbai Indians,field,Royal Challengers Bengaluru,217,6,19.2,Mumbai Indians,80,7,15.5,Mumbai Indians,3,wickets,True,6.133,-6.133
1102,2024,2024-03-12,"M.A. Chidambaram Stadium, Chennai",Gujarat Titans,Sunrisers Hyderabad,Sunrisers Hyderabad,field,Gujarat Titans,222,9,18.5,Sunrisers Hyderabad,229,3,13.1,Gujarat Titans,7,runs,True,-5.545,5.545
1103,2024,2024-04-20,"Narendra Modi Stadium, Ahmedabad",Kolkata Knight Riders,Chennai Super Kings,Kolkata Knight Riders,bat,Kolkata Knight Riders,190,6,19.2,Chennai Super Kings,187,1,11.0,Chennai Super Kings,9,wickets,True,-7.165,7.165
1104,2024,2024-03-09,"Rajiv Gandhi International Stadium, Hyderabad",Mumbai Indians,Punjab Kings,Mumbai Indians,field,Mumbai Indians,202,2,19.4,Punjab Kings,140,5,12.0,Punjab Kings,5,wickets,True,-1.186,1.186
1105,2024,2024-03-09,"M. Chinnaswamy Stadium, Bengaluru",Royal Challengers Bengaluru,Chennai Super Kings,Chennai Super Kings,field,Royal Challengers Bengaluru,161,7,19.8,Chennai Super Kings,200,3,17.9,Royal Challengers Bengaluru,39,runs,True,-3.067,3.067
1106,2024,2024-04-15,"Narendra Modi Stadium, Ahmedabad",Chennai Super Kings,Mumbai Indians,Mumbai Indians,bat,Chennai Super Kings,122,7,19.1,Mumbai Indians,225,1,19.9,Chennai Super Kings,103,runs,True,-4.894,4.894
1107,2024,2024-04-05,"Sawai Mansingh Stadium, Jaipur",Royal Challengers Bengaluru,Punjab Kings,Royal Challengers Bengaluru,field,Royal Challengers Bengaluru,143,3,18.9,Punjab Kings,98,4,14.6,Punjab Kings,6,wickets,True,0.855,-0.855
1108,2024,2024-04-03,"Wankhede Stadium, Mumbai",Chennai Super Kings,Lucknow Super Giants,Lucknow Super Giants,bat,Chennai Super Kings,128,4,19.2,Lucknow Super Giants,198,2,15.3,Chennai Super Kings,70,runs,True,-6.262,6.262
1109,2024,2024-03-09,"Eden Gardens, Kolkata",Sunrisers Hyderabad,Lucknow Super Giants,Lucknow Super Giants,field,Sunrisers Hyderabad,222,2,19.4,Lucknow Super Giants,132,8,11.1,Lucknow Super Giants,2,wickets,False,-0.511,0.511
1110,2024,2024-04-10,"Ekana Cricket Stadium, Lucknow",Mumbai Indians,Punjab Kings,Mumbai Indians,field,Mumbai Indians,228,6,19.9,Punjab Kings,172,8,18.1,Punjab Kings,2,wickets,True,1.966,-1.966
1111,2024,2024-03-11,"Eden Gardens, Kolkata",Royal Challengers Bengaluru,Kolkata Knight Riders,Kolkata Knight Riders,bat,Royal Challengers Bengaluru,174,3,18.7,Kolkata Knight Riders,224,5,13.1,Royal Challengers Bengaluru,50,runs,False,-7.809,7.809
1112,2024,2024-03-29,"Rajiv Gandhi International Stadium, Hyderabad",Rajasthan Royals,Kolkata Knight Riders,Rajasthan Royals,field,Rajasthan Royals,182,3,18.1,Kolkata Knight Riders,185,3,11.6,Rajasthan Royals,3,runs,True,-5.918,5.918
1113,2024,2024-04-19,"Eden Gardens, Kolkata",Royal Challengers Bengaluru,Chennai Super Kings,Royal Challengers Bengaluru,field,Royal Challengers Bengaluru,128,6,18.1,Chennai Super Kings,93,2,19.4,Chennai Super Kings,8,wickets,False,2.271,-2.271
1114,2024,2024-03-04,"M. Chinnaswamy Stadium, Bengaluru",Sunrisers Hyderabad,Rajasthan Royals,Rajasthan Royals,field,Sunrisers Hyderabad,195,3,18.6,Rajasthan Royals,202,3,20.0,Sunrisers Hyderabad,7,runs,False,0.383,-0.383
1115,2024,2024-04-29,"M.A. Chidambaram Stadium, Chennai",Lucknow Super Giants,Chennai Super Kings,Chennai Super Kings,field,Lucknow Super Giants,142,7,19.2,Chennai Super Kings,126,7,17.3,Chennai Super Kings,3,wickets,False,0.114,-0.114
1116,2024,2024-03-20,"Narendra Modi Stadium, Ahmedabad",Lucknow Super Giants,Rajasthan Royals,Rajasthan Royals,field,Lucknow Super Giants,197,6,19.1,Rajasthan Royals,224,1,15.0,Lucknow Super Giants,27,runs,True,-4.61,4.61
1117,2024,2024-03-21,"Sawai Mansingh Stadium, Jaipur",Mumbai Indians,Kolkata Knight Riders,Kolkata Knight Riders,field,Mumbai Indians,156,5,19.9,Kolkata Knight Riders,85,7,10.0,Kolkata Knight Riders,3,wickets,False,-0.66,0.66
1118,2024,2024-03-15,"Narendra Modi Stadium, Ahmedabad",Sunrisers Hyderabad,Rajasthan Royals,Sunrisers Hyderabad,bat,Sunrisers Hyderabad,192,2,18.8,Rajasthan Royals,194,7,19.7,Sunrisers Hyderabad,2,runs,True,0.387,-0.387
1119,2024,2024-04-16,"Wankhede Stadium, Mumbai",Lucknow Super Giants,Gujarat Titans,Lucknow Super Giants,field,Lucknow Super Giants,190,9,18.8,Gujarat Titans,120,9,12.2,Gujarat Titans,1,wickets,False,0.28,-0.28
1120,2024,2024-04-21,"Eden Gardens, Kolkata",Lucknow Super Giants,Delhi Capitals,Lucknow Super Giants,field,Lucknow Super Giants,178,3,19.5,Delhi Capitals,117,6,11.8,Delhi Capitals,4,wickets,True,-0.825,0.825
1121,2024,2024-04-05,"M. Chinnaswamy Stadium, Bengaluru",Kolkata Knight Riders,Delhi Capitals,Delhi Capitals,bat,Kolkata Knight Riders,127,9,19.3,Delhi Capitals,157,8,17.0,Kolkata Knight Riders,30,runs,True,-2.675,2.675
1122,2024,2024-04-29,"Punjab Cricket Association Stadium, Mohali",Chennai Super Kings,Rajasthan Royals,Rajasthan Royals,bat,Chennai Super Kings,139,3,19.3,Rajasthan Royals,97,8,16.6,Rajasthan Royals,2,wickets,False,1.372,-1.372
1123,2024,2024-04-10,"M. Chinnaswamy Stadium, Bengaluru",Chennai Super Kings,Gujarat Titans,Chennai Super Kings,field,Chennai Super Kings,203,8,19.9,Gujarat Titans,218,8,16.5,Chennai Super Kings,15,runs,False,-2.983,2.983
1124,2024,2024-03-13,"Narendra Modi Stadium, Ahmedabad",Lucknow Super Giants,Chennai Super Kings,Lucknow Super Giants,bat,Lucknow Super Giants,157,4,18.6,Chennai Super Kings,202,3,18.6,Lucknow Super Giants,45,runs,False,-2.413,2.413
1125,2024,2024-03-05,"Arun Jaitley Stadium, Delhi",Lucknow Super Giants,Delhi Capitals,Lucknow Super Giants,bat,Lucknow Super Giants,168,4,18.1,Delhi Capitals,158,3,10.9,Delhi Capitals,7,wickets,False,-5.232,5.232
1126,2024,2024-04-25,"Wankhede Stadium, Mumbai",Kolkata Knight Riders,Royal Challengers Bengaluru,Kolkata Knight Riders,field,Kolkata Knight Riders,193,2,18.8,Royal Challengers Bengaluru,215,8,11.1,Kolkata Knight Riders,22,runs,True,-9.145,9.145
1127,2024,2024-04-10,"M. Chinnaswamy Stadium, Bengaluru",Delhi Capitals,Royal Challengers Bengaluru,Delhi Capitals,field,Delhi Capitals,168,7,18.7,Royal Challengers Bengaluru,223,1,10.1,Delhi Capitals,55,runs,True,-13.154,13.154
1128,2024,2024-04-27,"Arun Jaitley Stadium, Delhi",Sunrisers Hyderabad,Chennai Super Kings,Sunrisers Hyderabad,field,Sunrisers Hyderabad,204,2,18.1,Chennai Super Kings,142,4,16.8,Chennai Super Kings,6,wickets,True,2.79,-2.79
1129,2024,2024-03-05,"Eden Gardens, Kolkata",Mumbai Indians,Royal Challengers Bengaluru,Mumbai Indians,bat,Mumbai Indians,129,4,19.0,Royal Challengers Bengaluru,91,8,13.2,Royal Challengers Bengaluru,2,wickets,True,-0.107,0.107
1130,2024,2024-03-05,"Eden Gardens, Kolkata",Delhi Capitals,Mumbai Indians,Mumbai Indians,field,Delhi Capitals,120,2,19.9,Mumbai Indians,205,9,18.3,Delhi Capitals,85,runs,True,-5.196,5.196
1131,2024,2024-03-08,"Eden Gardens, Kolkata",Kolkata Knight Riders,Delhi Capitals,Delhi Capitals,field,Kolkata Knight Riders,226,3,18.4,Delhi Capitals,190,7,10.9,Delhi Capitals,3,wickets,True,-5.193,5.193
1132,2024,2024-04-11,"Narendra Modi Stadium, Ahmedabad",Delhi Capitals,Punjab Kings,Delhi Capitals,field,Delhi Capitals,214,3,18.1,Punjab Kings,136,1,10.9,Punjab Kings,9,wickets,True,-0.666,0.666
1133,2024,2024-03-03,"M. Chinnaswamy Stadium, Bengaluru",Kolkata Knight Riders,Royal Challengers Bengaluru,Kolkata Knight Riders,field,Kolkata Knight Riders,194,2,18.6,Royal Challengers Bengaluru,107,5,10.0,Royal Challengers Bengaluru,5,wickets,True,-0.27,0.27
1134,2024,2024-03-17,"Punjab Cricket Association Stadium, Mohali",Kolkata Knight Riders,Punjab Kings,Kolkata Knight Riders,field,Kolkata Knight Riders,205,7,19.5,Punjab Kings,114,4,14.9,Punjab Kings,6,wickets,True,2.834,-2.834
1135,2025,2025-03-21,"M. Chinnaswamy Stadium, Bengaluru",Delhi Capitals,Mumbai Indians,Mumbai Indians,bat,Delhi Capitals,126,4,18.0,Mumbai Indians,153,4,10.0,Delhi Capitals,27,runs,True,-8.265,8.265
1136,2025,2025-04-21,"Punjab Cricket Association Stadium, Mohali",Delhi Capitals,Royal Challengers Bengaluru,Royal Challengers Bengaluru,bat,Delhi Capitals,149,2,19.4,Royal Challengers Bengaluru,144,8,17.2,Royal Challengers Bengaluru,2,wickets,True,-0.702,0.702
1137,2025,2025-03-10,"Rajiv Gandhi International Stadium, Hyderabad",Sunrisers Hyderabad,Punjab Kings,Punjab Kings,field,Sunrisers Hyderabad,186,2,18.1,Punjab Kings,95,4,15.3,Punjab Kings,6,wickets,True,4.042,-4.042
1138,2025,2025-03-01,"Rajiv Gandhi International Stadium, Hyderabad",Punjab Kings,Royal Challengers Bengaluru,Royal Challengers Bengaluru,bat,Punjab Kings,188,8,18.4,Royal Challengers Bengaluru,157,4,14.0,Royal Challengers Bengaluru,6,wickets,False,-0.963,0.963
1139,2025,2025-03-23,"Eden Gardens, Kolkata",Royal Challengers Bengaluru,Lucknow Super Giants,Royal Challengers Bengaluru,bat,Royal Challengers Bengaluru,181,8,18.1,Lucknow Super Giants,206,4,10.4,Royal Challengers Bengaluru,25,runs,True,-9.852,9.852
1140,2025,2025-04-27,"Ekana Cricket Stadium, Lucknow",Chennai Super Kings,Lucknow Super Giants,Lucknow Super Giants,bat,Chennai Super Kings,165,7,18.6,Lucknow Super Giants,94,8,14.1,Lucknow Super Giants,2,wickets,True,2.202,-2.202
1141,2025,2025-04-23,"Ekana Cricket Stadium, Lucknow",Gujarat Titans,Delhi Capitals,Gujarat Titans,bat,Gujarat Titans,122,3,18.6,Delhi Capitals,198,4,14.7,Gujarat Titans,76,runs,False,-6.882,6.882
1142,2025,2025-03-14,"Punjab Cricket Association Stadium, Mohali",Delhi Capitals,Royal Challengers Bengaluru,Delhi Capitals,field,Delhi Capitals,212,6,18.7,Royal Challengers Bengaluru,145,2,11.3,Royal Challengers Bengaluru,8,wickets,True,-1.451,1.451
1143,2025,2025-03-26,"Ekana Cricket Stadium, Lucknow",Kolkata Knight Riders,Mumbai Indians,Mumbai Indians,field,Kolkata Knight Riders,145,8,18.9,Mumbai Indians,185,9,12.0,Kolkata Knight Riders,40,runs,False,-7.741,7.741
1144,2025,2025-03-20,"Sawai Mansingh Stadium, Jaipur",Gujarat Titans,Chennai Super Kings,Chennai Super Kings,bat,Gujarat Titans,140,4,19.5,Chennai Super Kings,161,8,13.5,Gujarat Titans,21,runs,False,-4.77,4.77
1145,2025,2025-03-26,"Sawai Mansingh Stadium, Jaipur",Rajasthan Royals,Sunrisers Hyderabad,Rajasthan Royals,field,Rajasthan Royals,215,9,18.5,Sunrisers Hyderabad,110,6,16.1,Sunrisers Hyderabad,4,wickets,True,4.8,-4.8
1146,2025,2025-04-29,"Arun Jaitley Stadium, Delhi",Punjab Kings,Kolkata Knight Riders,Punjab Kings,bat,Punjab Kings,143,7,18.3,Kolkata Knight Riders,88,1,14.9,Kolkata Knight Riders,9,wickets,True,1.918,-1.918
1147,2025,2025-04-07,"Narendra Modi Stadium, Ahmedabad",Sunrisers Hyderabad,Royal Challengers Bengaluru,Sunrisers Hyderabad,bat,Sunrisers Hyderabad,134,6,19.9,Royal Challengers Bengaluru,106,4,18.1,Royal Challengers Bengaluru,6,wickets,True,0.852,-0.852
1148,2025,2025-03-25,"M. Chinnaswamy Stadium, Bengaluru",Delhi Capitals,Sunrisers Hyderabad,Sunrisers Hyderabad,bat,Delhi Capitals,198,3,18.4,Sunrisers Hyderabad,149,4,18.9,Sunrisers Hyderabad,6,wickets,True,2.879,-2.879
1149,2025,2025-03-23,"Wankhede Stadium, Mumbai",Punjab Kings,Delhi Capitals,Punjab Kings,bat,Punjab Kings,191,9,19.2,Delhi Capitals,180,9,13.1,Delhi Capitals,1,wickets,True,-3.796,3.796
1150,2025,2025-03-25,"Wankhede Stadium, Mumbai",Rajasthan Royals,Lucknow Super Giants,Lucknow Super Giants,field,Rajasthan Royals,124,5,19.7,Lucknow Super Giants,150,5,15.6,Rajasthan Royals,26,runs,True,-3.285,3.285
1151,2025,2025-03-20,"Sawai Mansingh Stadium, Jaipur",Royal Challengers Bengaluru,Rajasthan Royals,Royal Challengers Bengaluru,field,Royal Challengers Bengaluru,214,7,18.9,Rajasthan Royals,161,7,14.9,Rajasthan Royals,3,wickets,True,0.457,-0.457
1152,2025,2025-03-13,"Narendra Modi Stadium, Ahmedabad",Sunrisers Hyderabad,Gujarat Titans,Gujarat Titans,field,Sunrisers Hyderabad,213,3,19.4,Gujarat Titans,159,1,12.2,Gujarat Titans,9,wickets,True,-2.041,2.041
1153,2025,2025-04-17,"Ekana Cricket Stadium, Lucknow",Rajasthan Royals,Mumbai Indians,Mumbai Indians,bat,Rajasthan Royals,208,2,18.2,Mumbai Indians,88,3,17.3,Mumbai Indians,7,wickets,True,6.316,-6.316
1154,2025,2025-03-09,"Arun Jaitley Stadium, Delhi",Kolkata Knight Riders,Royal Challengers Bengaluru,Royal Challengers Bengaluru,bat,Kolkata Knight Riders,170,7,19.2,Royal Challengers Bengaluru,201,1,18.2,Kolkata Knight Riders,31,runs,True,-2.221,2.221
1155,2025,2025-04-19,"Punjab Cricket Association Stadium, Mohali",Mumbai Indians,Punjab Kings,Punjab Kings,bat,Mumbai Indians,222,3,19.4,Punjab Kings,208,9,15.8,Punjab Kings,1,wickets,True,-1.732,1.732
1156,2025,2025-04-17,"Wankhede Stadium, Mumbai",Rajasthan Royals,Delhi Capitals,Rajasthan Royals,bat,Rajasthan Royals,186,9,19.6,Delhi Capitals,166,9,11.5,Delhi Capitals,1,wickets,True,-4.914,4.914
1157,2025,2025-03-04,"M. Chinnaswamy Stadium, Bengaluru",Royal Challengers Bengaluru,Mumbai Indians,Royal Challengers Bengaluru,field,Royal Challengers Bengaluru,174,7,19.3,Mumbai Indians,151,3,15.1,Mumbai Indians,7,wickets,False,-1.003,1.003
1158,2025,2025-04-06,"Eden Gardens, Kolkata",Delhi Capitals,Punjab Kings,Punjab Kings,field,Delhi Capitals,229,5,18.2,Punjab Kings,221,1,17.3,Punjab Kings,9,wickets,False,-0.204,0.204
1159,2025,2025-03-01,"M. Chinnaswamy Stadium, Bengaluru",Mumbai Indians,Rajasthan Royals,Rajasthan Royals,field,Mumbai Indians,168,5,18.2,Rajasthan Royals,170,8,14.3,Mumbai Indians,2,runs,True,-2.703,2.703
1160,2025,2025-04-13,"M. Chinnaswamy Stadium, Bengaluru",Sunrisers Hyderabad,Punjab Kings,Sunrisers Hyderabad,bat,Sunrisers Hyderabad,203,4,20.0,Punjab Kings,112,3,19.1,Punjab Kings,7,wickets,True,4.299,-4.299
1161,2025,2025-03-02,"Eden Gardens, Kolkata",Mumbai Indians,Kolkata Knight Riders,Mumbai Indians,field,Mumbai Indians,153,6,19.1,Kolkata Knight Riders,184,1,18.5,Mumbai Indians,31,runs,False,-1.943,1.943
1162,2025,2025-03-06,"Sawai Mansingh Stadium, Jaipur",Gujarat Titans,Royal Challengers Bengaluru,Royal Challengers Bengaluru,field,Gujarat Titans,155,8,18.4,Royal Challengers Bengaluru,95,4,17.8,Royal Challengers Bengaluru,6,wickets,True,3.09,-3.09
1163,2025,2025-03-12,"Punjab Cricket Association Stadium, Mohali",Gujarat Titans,Kolkata Knight Riders,Kolkata Knight Riders,field,Gujarat Titans,197,7,18.0,Kolkata Knight Riders,161,7,12.5,Kolkata Knight Riders,3,wickets,True,-1.946,1.946
1164,2025,2025-04-02,"Sawai Mansingh Stadium, Jaipur",Chennai Super Kings,Gujarat Titans,Gujarat Titans,bat,Chennai Super Kings,207,3,19.1,Gujarat Titans,81,7,18.3,Gujarat Titans,3,wickets,True,6.397,-6.397
1165,2025,2025-04-08,"Sawai Mansingh Stadium, Jaipur",Lucknow Super Giants,Rajasthan Royals,Rajasthan Royals,bat,Lucknow Super Giants,218,9,19.9,Rajasthan Royals,119,1,18.0,Rajasthan Royals,9,wickets,True,4.301,-4.301
1166,2025,2025-04-13,"M.A. Chidambaram Stadium, Chennai",Punjab Kings,Sunrisers Hyderabad,Punjab Kings,bat,Punjab Kings,151,9,19.3,Sunrisers Hyderabad,226,3,14.5,Punjab Kings,75,runs,True,-7.751,7.751
1167,2025,2025-04-05,"Narendra Modi Stadium, Ahmedabad",Sunrisers Hyderabad,Lucknow Super Giants,Sunrisers Hyderabad,bat,Sunrisers Hyderabad,145,7,19.3,Lucknow Super Giants,169,7,13.7,Sunrisers Hyderabad,24,runs,False,-4.868,4.868
1168,2025,2025-03-23,"Rajiv Gandhi International Stadium, Hyderabad",Sunrisers Hyderabad,Punjab Kings,Punjab Kings,field,Sunrisers Hyderabad,158,6,18.2,Punjab Kings,133,1,17.8,Punjab Kings,9,wickets,True,1.233,-1.233
1169,2025,2025-03-27,"Sawai Mansingh Stadium, Jaipur",Lucknow Super Giants,Chennai Super Kings,Lucknow Super Giants,field,Lucknow Super Giants,171,3,18.1,Chennai Super Kings,131,6,15.9,Chennai Super Kings,4,wickets,True,1.22,-1.22
1170,2025,2025-04-15,"Wankhede Stadium, Mumbai",Sunrisers Hyderabad,Delhi Capitals,Delhi Capitals,bat,Sunrisers Hyderabad,153,9,18.9,Delhi Capitals,188,9,16.5,Sunrisers Hyderabad,35,runs,False,-3.268,3.268
1171,2025,2025-03-16,"Wankhede Stadium, Mumbai",Chennai Super Kings,Punjab Kings,Punjab Kings,bat,Chennai Super Kings,163,7,18.3,Punjab Kings,224,4,16.9,Chennai Super Kings,61,runs,True,-4.355,4.355
1172,2025,2025-03-12,"Ekana Cricket Stadium, Lucknow",Kolkata Knight Riders,Lucknow Super Giants,Kolkata Knight Riders,bat,Kolkata Knight Riders,209,3,19.5,Lucknow Super Giants,181,3,18.4,Lucknow Super Giants,7,wickets,True,0.871,-0.871
1173,2025,2025-03-12,"Arun Jaitley Stadium, Delhi",Chennai Super Kings,Delhi Capitals,Delhi Capitals,field,Chennai Super Kings,141,3,19.9,Delhi Capitals,93,1,17.7,Delhi Capitals,9,wickets,True,1.844,-1.844
1174,2025,2025-03-13,"Narendra Modi Stadium, Ahmedabad",Rajasthan Royals,Mumbai Indians,Rajasthan Royals,field,Rajasthan Royals,169,4,19.0,Mumbai Indians,114,8,11.9,Mumbai Indians,2,wickets,True,-0.686,0.686
1175,2025,2025-04-24,"Narendra Modi Stadium, Ahmedabad",Sunrisers Hyderabad,Chennai Super Kings,Chennai Super Kings,bat,Sunrisers Hyderabad,149,9,19.1,Chennai Super Kings,156,5,14.2,Sunrisers Hyderabad,7,runs,True,-3.175,3.175
1176,2025,2025-04-14,"Rajiv Gandhi International Stadium, Hyderabad",Punjab Kings,Rajasthan Royals,Punjab Kings,bat,Punjab Kings,126,4,18.2,Rajasthan Royals,113,7,14.2,Rajasthan Royals,3,wickets,True,-1.051,1.051
1177,2025,2025-03-18,"Punjab Cricket Association Stadium, Mohali",Rajasthan Royals,Chennai Super Kings,Rajasthan Royals,field,Rajasthan Royals,134,9,18.3,Chennai Super Kings,223,6,10.6,Rajasthan Royals,89,runs,True,-13.642,13.642
1178,2025,2025-03-23,"Narendra Modi Stadium, Ahmedabad",Rajasthan Royals,Gujarat Titans,Rajasthan Royals,bat,Rajasthan Royals,214,3,18.9,Gujarat Titans,91,1,19.0,Gujarat Titans,9,wickets,True,6.501,-6.501
1179,2025,2025-04-06,"Rajiv Gandhi International Stadium, Hyderabad",Gujarat Titans,Royal Challengers Bengaluru,Royal Challengers Bengaluru,bat,Gujarat Titans,193,2,18.7,Royal Challengers Bengaluru,223,9,19.5,Gujarat Titans,30,runs,True,-1.146,1.146
1180,2025,2025-03-23,"Narendra Modi Stadium, Ahmedabad",Chennai Super Kings,Sunrisers Hyderabad,Chennai Super Kings,bat,Chennai Super Kings,176,6,18.8,Sunrisers Hyderabad,113,3,16.8,Sunrisers Hyderabad,7,wickets,True,2.647,-2.647
1181,2025,2025-03-25,"Sawai Mansingh Stadium, Jaipur",Gujarat Titans,Rajasthan Royals,Rajasthan Royals,field,Gujarat Titans,178,6,19.0,Rajasthan Royals,105,7,12.4,Rajasthan Royals,3,wickets,False,0.885,-0.885
1182,2025,2025-03-26,"M.A. Chidambaram Stadium, Chennai",Delhi Capitals,Punjab Kings,Punjab Kings,bat,Delhi Capitals,206,9,19.3,Punjab Kings,86,6,10.7,Punjab Kings,4,wickets,True,2.67,-2.67
1183,2025,2025-04-15,"Eden Gardens, Kolkata",Sunrisers Hyderabad,Delhi Capitals,Delhi Capitals,field,Sunrisers Hyderabad,183,8,19.6,Delhi Capitals,168,9,16.4,Delhi Capitals,1,wickets,True,-0.914,0.914
1184,2025,2025-04-08,"M. Chinnaswamy Stadium, Bengaluru",Gujarat Titans,Rajasthan Royals,Gujarat Titans,bat,Gujarat Titans,176,7,18.9,Rajasthan Royals,113,8,11.4,Rajasthan Royals,2,wickets,True,-0.563,0.563
1185,2025,2025-03-07,"Rajiv Gandhi International Stadium, Hyderabad",Punjab Kings,Sunrisers Hyderabad,Sunrisers Hyderabad,bat,Punjab Kings,137,5,18.3,Sunrisers Hyderabad,131,7,19.9,Sunrisers Hyderabad,3,wickets,True,0.926,-0.926
1186,2025,2025-03-22,"M. Chinnaswamy Stadium, Bengaluru",Gujarat Titans,Punjab Kings,Punjab Kings,bat,Gujarat Titans,132,3,18.2,Punjab Kings,199,2,18.0,Gujarat Titans,67,runs,False,-3.832,3.832
1187,2025,2025-04-24,"Arun Jaitley Stadium, Delhi",Lucknow Super Giants,Rajasthan Royals,Lucknow Super Giants,bat,Lucknow Super Giants,120,8,18.2,Rajasthan Royals,154,4,15.0,Lucknow Super Giants,34,runs,True,-3.679,3.679
1188,2025,2025-04-15,"Punjab Cricket Association Stadium, Mohali",Sunrisers Hyderabad,Gujarat Titans,Gujarat Titans,field,Sunrisers Hyderabad,142,8,19.7,Gujarat Titans,185,5,19.9,Sunrisers Hyderabad,43,runs,True,-2.126,2.126
1189,2025,2025-03-23,"M. Chinnaswamy Stadium, Bengaluru",Mumbai Indians,Lucknow Super Giants,Mumbai Indians,field,Mumbai Indians,188,2,18.9,Lucknow Super Giants,80,6,18.8,Lucknow Super Giants,4,wickets,True,5.667,-5.667
1190,2025,2025-03-20,"M.A. Chidambaram Stadium, Chennai",Rajasthan Royals,Sunrisers Hyderabad,Rajasthan Royals,field,Rajasthan Royals,199,3,19.1,Sunrisers Hyderabad,167,9,15.5,Sunrisers Hyderabad,1,wickets,True,-0.366,0.366
1191,2025,2025-03-01,"Sawai Mansingh Stadium, Jaipur",Chennai Super Kings,Gujarat Titans,Chennai Super Kings,bat,Chennai Super Kings,209,3,19.2,Gujarat Titans,184,3,15.1,Gujarat Titans,7,wickets,True,-1.336,1.336
1192,2025,2025-03-18,"M.A. Chidambaram Stadium, Chennai",Delhi Capitals,Kolkata Knight Riders,Delhi Capitals,bat,Delhi Capitals,198,2,18.3,Kolkata Knight Riders,146,9,20.0,Kolkata Knight Riders,1,wickets,True,3.491,-3.491
1193,2025,2025-03-11,"Narendra Modi Stadium, Ahmedabad",Sunrisers Hyderabad,Royal Challengers Bengaluru,Sunrisers Hyderabad,field,Sunrisers Hyderabad,182,2,19.4,Royal Challengers Bengaluru,224,9,12.6,Sunrisers Hyderabad,42,runs,True,-8.433,8.433
1194,2025,2025-04-15,"Rajiv Gandhi International Stadium, Hyderabad",Kolkata Knight Riders,Sunrisers Hyderabad,Sunrisers Hyderabad,bat,Kolkata Knight Riders,189,9,19.6,Sunrisers Hyderabad,167,1,18.2,Sunrisers Hyderabad,9,wickets,True,0.47,-0.47
1195,2025,2025-04-19,"Narendra Modi Stadium, Ahmedabad",Rajasthan Royals,Mumbai Indians,Mumbai Indians,bat,Rajasthan Royals,162,3,18.6,Mumbai Indians,116,3,16.8,Mumbai Indians,7,wickets,False,1.797,-1.797
1196,2025,2025-04-24,"Narendra Modi Stadium, Ahmedabad",Rajasthan Royals,Lucknow Super Giants,Lucknow Super Giants,bat,Rajasthan Royals,193,9,19.8,Lucknow Super Giants,171,2,16.9,Lucknow Super Giants,8,wickets,False,-0.394,0.394
1197,2025,2025-03-13,"M. Chinnaswamy Stadium, Bengaluru",Punjab Kings,Mumbai Indians,Mumbai Indians,bat,Punjab Kings,176,5,19.6,Mumbai Indians,103,8,10.3,Mumbai Indians,2,wickets,True,-0.988,0.988
1198,2025,2025-04-19,"M.A. Chidambaram Stadium, Chennai",Sunrisers Hyderabad,Delhi Capitals,Sunrisers Hyderabad,bat,Sunrisers Hyderabad,205,9,19.0,Delhi Capitals,139,7,14.8,Delhi Capitals,3,wickets,True,1.455,-1.455
1199,2025,2025-03-28,"M. Chinnaswamy Stadium, Bengaluru",Delhi Capitals,Royal Challengers Bengaluru,Royal Challengers Bengaluru,field,Delhi Capitals,176,8,19.5,Royal Challengers Bengaluru,90,2,10.3,Royal Challengers Bengaluru,8,wickets,False,0.301,-0.301
1200,2025,2025-03-26,"Arun Jaitley Stadium, Delhi",Royal Challengers Bengaluru,Gujarat Titans,Gujarat Titans,field,Royal Challengers Bengaluru,135,3,19.1,Gujarat Titans,197,2,13.1,Royal Challengers Bengaluru,62,runs,True,-8.018,8.018
1201,2025,2025-04-07,"M. Chinnaswamy Stadium, Bengaluru",Mumbai Indians,Chennai Super Kings,Mumbai Indians,field,Mumbai Indians,136,2,19.1,Chennai Super Kings,159,6,12.9,Mumbai Indians,23,runs,False,-5.196,5.196
